kind,depth,ps_budget,ps_population,avoid_ancestors,metrics,problem,pRef_method,pRef_size,runtime_seconds,mse,mae,r_sq,evs,cp
ps,3,5000.0,100.0,False,simplicity variance,BT,ACO,10000,192.815,32.76672145453968,4.467218966134317,0.7886863789746268,0.7888384486021396,
ps,3,5000.0,100.0,False,simplicity variance estimated_atomicity,BT,ACO,10000,193.863,42.93232693926951,5.21091127622015,0.6985245683830523,0.7018001341515672,
ps,4,5000.0,100.0,False,simplicity variance,BT,ACO,10000,263.916,33.542648801203875,4.589798948356715,0.7826417216796491,0.7827870618383537,
ps,4,5000.0,100.0,False,simplicity variance estimated_atomicity,BT,ACO,10000,253.667,69.55649238027142,6.6774273541008435,0.5592575368388372,0.5659372818076229,
ps,5,5000.0,100.0,False,simplicity variance,BT,ACO,10000,342.126,27.4228983073059,4.163482552313403,0.8567906359943611,0.8579667574311904,
ps,5,5000.0,100.0,False,simplicity variance estimated_atomicity,BT,ACO,10000,348.406,74.81106449112033,6.747368247482067,0.5430893189729422,0.5497223317465716,
ps,3,5000.0,100.0,False,simplicity variance,BT,BBO,10000,107.508,26.04055719637248,3.4900436307068796,0.9151584277365346,0.915766510887379,
ps,3,5000.0,100.0,False,simplicity variance estimated_atomicity,BT,BBO,10000,116.953,38.684819729288094,3.9297676940449158,0.867866776094676,0.8679048866183179,
ps,4,5000.0,100.0,False,simplicity variance,BT,BBO,10000,174.128,26.962115755464556,3.24305826916195,0.932871163000529,0.9329336298256934,
ps,4,5000.0,100.0,False,simplicity variance estimated_atomicity,BT,BBO,10000,189.794,31.40308937448121,2.6394952944327232,0.8834111793860568,0.8837935077651098,
ps,5,5000.0,100.0,False,simplicity variance,BT,BBO,10000,297.465,17.952151510329813,2.709918356250731,0.9540839562743761,0.9541896766435094,
ps,5,5000.0,100.0,False,simplicity variance estimated_atomicity,BT,BBO,10000,333.856,28.145088650532294,3.258664697690729,0.9262097845338872,0.9264353198390416,
ps,3,5000.0,100.0,False,simplicity variance,BT,BRO,10000,94.66,28.554466107516998,4.224700177792985,0.27790277321351786,0.2783179276857528,
ps,3,5000.0,100.0,False,simplicity variance estimated_atomicity,BT,BRO,10000,158.032,25.712855486411968,3.938665991905983,0.4754336455702117,0.475583373892398,
ps,4,5000.0,100.0,False,simplicity variance,BT,BRO,10000,161.668,20.703554569976227,3.5148003045648664,0.31572476431064533,0.3157296502954927,
ps,4,5000.0,100.0,False,simplicity variance estimated_atomicity,BT,BRO,10000,238.044,26.511161278326963,4.0058707937006925,0.21482058031157625,0.2151347257236077,
ps,5,5000.0,100.0,False,simplicity variance,BT,BRO,10000,5985.061,7.724516176681163,2.030160420778298,0.6773961022591777,0.6778430824036972,
ps,5,5000.0,100.0,False,simplicity variance estimated_atomicity,BT,BRO,10000,345.097,22.500315784127167,3.6557888714133955,0.2076499944536777,0.20777508921370058,
ps,3,5000.0,100.0,False,simplicity variance,BT,CRO,10000,69.685,19.93664703652415,2.4720652306328064,0.9067234101838318,0.907302384236134,
ps,3,5000.0,100.0,False,simplicity variance estimated_atomicity,BT,CRO,10000,75.176,33.42463685798171,4.07730678946367,0.865341904733675,0.865542859634688,
ps,4,5000.0,100.0,False,simplicity variance,BT,CRO,10000,136.64,10.656785843570198,2.216869621310401,0.9121359500395981,0.9185158699454475,
ps,4,5000.0,100.0,False,simplicity variance estimated_atomicity,BT,CRO,10000,133.536,15.448276245105639,2.7008417828394062,0.9308270105005466,0.933457709602679,
ps,5,5000.0,100.0,False,simplicity variance,BT,CRO,10000,258.191,13.105559876249107,1.8848414420341917,0.9307087123744741,0.9307332816262837,
ps,5,5000.0,100.0,False,simplicity variance estimated_atomicity,BT,CRO,10000,232.344,26.47178197860089,2.9456676702083757,0.8721232698882886,0.8735594149690216,
ps,3,5000.0,100.0,False,simplicity variance,BT,PSO,10000,80.628,40.26703776296775,4.859647406280891,0.7608888716037487,0.7609330207894957,
ps,3,5000.0,100.0,False,simplicity variance estimated_atomicity,BT,PSO,10000,88.323,48.02670534936906,4.678579935110528,0.7891191571459327,0.789270922019082,
ps,4,5000.0,100.0,False,simplicity variance,BT,PSO,10000,146.919,20.37666500723752,3.1263709047751167,0.8925135917388236,0.8926646407733603,
ps,4,5000.0,100.0,False,simplicity variance estimated_atomicity,BT,PSO,10000,155.086,28.79046920690066,3.9880186208324737,0.8046030327006835,0.8047033792080855,
ps,5,5000.0,100.0,False,simplicity variance,BT,PSO,10000,273.463,20.254252964939383,3.2540231837234055,0.8828603339856156,0.8845266356872181,
ps,5,5000.0,100.0,False,simplicity variance estimated_atomicity,BT,PSO,10000,242.031,44.763243012080224,4.422823026490824,0.7032432941251805,0.7114498420336062,
ps,3,5000.0,100.0,False,simplicity variance,GC_L,ACO,10000,105.978,193.68390623806533,10.814216008771927,0.44562591021391806,0.4464420115447938,
ps,3,5000.0,100.0,False,simplicity variance estimated_atomicity,GC_L,ACO,10000,96.527,102.40542552606053,7.872433601100013,0.4358398710675293,0.4431172356940847,
ps,4,5000.0,100.0,False,simplicity variance,GC_L,ACO,10000,156.749,78.57264187946409,6.604708250845174,0.3320128014184319,0.4634994576080902,
ps,4,5000.0,100.0,False,simplicity variance estimated_atomicity,GC_L,ACO,10000,143.381,137.53703293868554,9.71283357814507,0.1495265269553726,0.15688508353555197,
ps,5,5000.0,100.0,False,simplicity variance,GC_L,ACO,10000,249.259,101.35323813482196,7.755466757683875,0.4726472988323368,0.49115986069794193,
ps,5,5000.0,100.0,False,simplicity variance estimated_atomicity,GC_L,ACO,10000,240.384,191.25453378992702,10.007314540441158,0.14364719456827157,0.14930433983366564,
ps,3,5000.0,100.0,False,simplicity variance,GC_L,BBO,10000,78.278,51.130833522839325,4.859336154682686,0.8900489844106468,0.8902697829857895,
ps,3,5000.0,100.0,False,simplicity variance estimated_atomicity,GC_L,BBO,10000,72.632,190.65970251330742,9.890142350967094,0.720807445206676,0.7336820011974654,
ps,4,5000.0,100.0,False,simplicity variance,GC_L,BBO,10000,167.001,55.89760022529734,5.067744026661785,0.8806940765516016,0.880780248955678,
ps,4,5000.0,100.0,False,simplicity variance estimated_atomicity,GC_L,BBO,10000,136.702,75.17999792454741,5.352983886091416,0.842701852108288,0.8454510075848504,
ps,5,5000.0,100.0,False,simplicity variance,GC_L,BBO,10000,250.881,48.30613226397803,4.1649444404179965,0.8563940538648787,0.8571946158921521,
ps,5,5000.0,100.0,False,simplicity variance estimated_atomicity,GC_L,BBO,10000,254.591,65.16846977508112,5.137181190213333,0.896281140497229,0.8977689068147597,
ps,3,5000.0,100.0,False,simplicity variance,GC_L,BRO,10000,38.151,9004.362118873143,80.84556159026722,-9.558123014374864e-05,0.0,
ps,3,5000.0,100.0,False,simplicity variance estimated_atomicity,GC_L,BRO,10000,90.945,4006.4934599278376,49.29312662950272,0.3929647369531615,0.39397217673236773,
ps,4,5000.0,100.0,False,simplicity variance,GC_L,BRO,10000,123.786,2829.1349143731013,40.923765375158005,0.5548592156232848,0.5574040627078072,
ps,4,5000.0,100.0,False,simplicity variance estimated_atomicity,GC_L,BRO,10000,166.205,3311.9319358035546,43.54719611455595,0.5706985658250003,0.5710860372352147,
ps,5,5000.0,100.0,False,simplicity variance,GC_L,BRO,10000,263.721,2467.2976627402822,38.375571846459295,0.6620030749421139,0.6627513472220306,
ps,5,5000.0,100.0,False,simplicity variance estimated_atomicity,GC_L,BRO,10000,298.83,2250.472980608757,36.19855808725993,0.7426589347699157,0.7426611039039409,
ps,3,5000.0,100.0,False,simplicity variance,GC_L,CRO,10000,59.426,52.47223103846908,4.877210699582855,0.8237722630580304,0.8275202197735709,
ps,3,5000.0,100.0,False,simplicity variance estimated_atomicity,GC_L,CRO,10000,59.438,65.20117620352163,6.035025466329348,0.8117854239634166,0.8205609827983318,
ps,4,5000.0,100.0,False,simplicity variance,GC_L,CRO,10000,110.453,66.83720833101266,5.616910829582808,0.8325220220433842,0.8460642825550233,
ps,4,5000.0,100.0,False,simplicity variance estimated_atomicity,GC_L,CRO,10000,117.135,32.65737964519856,4.376483274718571,0.9313338377873362,0.9316378756879415,
ps,5,5000.0,100.0,False,simplicity variance,GC_L,CRO,10000,208.587,243.57060183410744,8.75098318146413,0.6299819245545882,0.6390648302672277,
ps,5,5000.0,100.0,False,simplicity variance estimated_atomicity,GC_L,CRO,10000,229.775,44.25509058931998,3.8135058371222255,0.8660402669970506,0.868060586771297,
ps,3,5000.0,100.0,False,simplicity variance,GC_L,PSO,10000,60.066,126.47325147213353,7.651986918098317,0.7230647362940947,0.7231913160708081,
ps,3,5000.0,100.0,False,simplicity variance estimated_atomicity,GC_L,PSO,10000,60.729,81.47139116051896,6.691935120511857,0.7728269470156796,0.7855914725208553,
ps,4,5000.0,100.0,False,simplicity variance,GC_L,PSO,10000,123.659,88.3367338074725,6.435493836035342,0.802173138352667,0.8025856823001223,
ps,4,5000.0,100.0,False,simplicity variance estimated_atomicity,GC_L,PSO,10000,119.36,134.56175774878503,7.972432174137541,0.7662811450229459,0.7673133770139444,
ps,5,5000.0,100.0,False,simplicity variance,GC_L,PSO,10000,232.237,73.4004302910261,6.583957252528683,0.7500476455352515,0.7516268582439399,
ps,5,5000.0,100.0,False,simplicity variance estimated_atomicity,GC_L,PSO,10000,225.302,102.91925232129029,7.057824351075022,0.6944004574550482,0.7194038032724768,
ps,3,5000.0,100.0,False,simplicity variance,GC_S,ACO,10000,148.381,523.2843019230583,18.16712293554399,0.5544816405485649,0.556360508417062,
ps,3,5000.0,100.0,False,simplicity variance estimated_atomicity,GC_S,ACO,10000,152.11,535.0335705049117,18.049471168932556,0.5914499430654939,0.5953378508893141,
ps,4,5000.0,100.0,False,simplicity variance,GC_S,ACO,10000,216.675,509.13179368602044,16.859471407181015,0.4713008769949948,0.47146565501531157,
ps,4,5000.0,100.0,False,simplicity variance estimated_atomicity,GC_S,ACO,10000,213.542,752.7046116675583,21.119744756837925,0.24860734376396476,0.24863792179671695,
ps,5,5000.0,100.0,False,simplicity variance,GC_S,ACO,10000,351.204,872.858935895426,21.179579572163043,0.47810794012240154,0.4809614881793369,
ps,5,5000.0,100.0,False,simplicity variance estimated_atomicity,GC_S,ACO,10000,648.896,825.1749905874414,21.231646074711094,0.31723227565899836,0.31723303478318987,
ps,3,5000.0,100.0,False,simplicity variance,GC_S,BBO,10000,85.791,133.0624236178078,9.086143159573586,0.9400698219085588,0.9400892741538661,
ps,3,5000.0,100.0,False,simplicity variance estimated_atomicity,GC_S,BBO,10000,95.854,343.25304231318364,11.735995160460286,0.8711705646749476,0.8711705834673857,
ps,4,5000.0,100.0,False,simplicity variance,GC_S,BBO,10000,145.486,216.06327719094367,10.32001661991462,0.9171534909614882,0.9172270151836664,
ps,4,5000.0,100.0,False,simplicity variance estimated_atomicity,GC_S,BBO,10000,164.593,217.71988634827613,9.34900083868003,0.9170039030157375,0.9170548647502748,
ps,5,5000.0,100.0,False,simplicity variance,GC_S,BBO,10000,242.276,112.50979502905673,7.639128954520449,0.9564904699535304,0.9568937592512289,
ps,5,5000.0,100.0,False,simplicity variance estimated_atomicity,GC_S,BBO,10000,296.537,208.14868211718778,8.02052392526176,0.8997621943937819,0.8998823556470954,
ps,3,5000.0,100.0,False,simplicity variance,GC_S,BRO,10000,80.66,12639.250627240659,86.57227645633283,0.4207009647920391,0.4247841231993954,
ps,3,5000.0,100.0,False,simplicity variance estimated_atomicity,GC_S,BRO,10000,151.013,14992.721420849099,96.1322769617306,0.4485610559935087,0.4486087080412101,
ps,4,5000.0,100.0,False,simplicity variance,GC_S,BRO,10000,158.872,12242.814599771471,85.79754798225638,0.5387345847050954,0.5387959091676606,
ps,4,5000.0,100.0,False,simplicity variance estimated_atomicity,GC_S,BRO,10000,246.114,12736.685403442036,87.48648083526976,0.559623396431141,0.5596286818784766,
ps,5,5000.0,100.0,False,simplicity variance,GC_S,BRO,10000,304.106,8193.394316066315,68.92613166235017,0.6724077422484909,0.6731170204576664,
ps,5,5000.0,100.0,False,simplicity variance estimated_atomicity,GC_S,BRO,10000,395.081,10449.600753427509,77.25175384558892,0.5432663338176782,0.5438164014826572,
ps,3,5000.0,100.0,False,simplicity variance,GC_S,CRO,10000,65.668,257.9177355400142,9.512189682456407,0.8145913753078314,0.8149658644897513,
ps,3,5000.0,100.0,False,simplicity variance estimated_atomicity,GC_S,CRO,10000,70.087,120.00588241828908,7.050392564562316,0.8781027336304392,0.8800132196437686,
ps,4,5000.0,100.0,False,simplicity variance,GC_S,CRO,10000,137.475,152.75282042807646,7.3699120693569835,0.8768218422292677,0.8768271581997323,
ps,4,5000.0,100.0,False,simplicity variance estimated_atomicity,GC_S,CRO,10000,147.237,159.2761275707811,7.397660123139498,0.8715456749692232,0.8722042014966583,
ps,5,5000.0,100.0,False,simplicity variance,GC_S,CRO,10000,238.797,144.29600197753663,6.203790064364339,0.8980497088156676,0.8994311337385994,
ps,5,5000.0,100.0,False,simplicity variance estimated_atomicity,GC_S,CRO,10000,242.695,115.11041478580086,6.004166211005493,0.8857500428794244,0.8858220358423403,
ps,3,5000.0,100.0,False,simplicity variance,GC_S,PSO,10000,67.646,231.2187867499519,11.222160291111251,0.04941633420484659,0.06232062975480579,
ps,3,5000.0,100.0,False,simplicity variance estimated_atomicity,GC_S,PSO,10000,81.816,408.1205235812137,14.61918101585575,0.743357552382401,0.744472978986616,
ps,4,5000.0,100.0,False,simplicity variance,GC_S,PSO,10000,174.201,204.28190157223875,9.834403222005472,0.8181501178594592,0.821115733129476,
ps,4,5000.0,100.0,False,simplicity variance estimated_atomicity,GC_S,PSO,10000,188.124,362.5574339007711,12.888149099334758,0.8610839080745696,0.8619406586491944,
ps,5,5000.0,100.0,False,simplicity variance,GC_S,PSO,10000,334.384,343.9343830775569,11.398489197573424,0.8821665109788662,0.8824202392956342,
ps,5,5000.0,100.0,False,simplicity variance estimated_atomicity,GC_S,PSO,10000,357.231,316.20853108513455,10.818685289984897,0.9059813215191608,0.9062241820466779,
iai,3,,,,,SAT_S,ACO,10000,6.688,4.756010385424398,1.6320112369382467,0.42883939944094995,0.4358017679747753,0.25
iai,4,,,,,SAT_S,ACO,10000,6.688,3.187832441837158,1.3032015026843464,0.6171656189941519,0.6260048599871748,0.25
iai,5,,,,,SAT_S,ACO,10000,6.688,3.187832441837158,1.3032015026843464,0.6171656189941519,0.6260048599871748,0.25
iai,3,,,,,SAT_M,ACO,10000,10.964,23.353381254323313,3.8326237410056607,0.6027960388031384,0.6033149389645744,0.25
iai,4,,,,,SAT_M,ACO,10000,10.964,18.71514175010745,3.453416435931736,0.6816851334481908,0.6830432669704196,0.25
iai,5,,,,,SAT_M,ACO,10000,10.964,16.906572757002518,3.0833291341954734,0.7124460224319268,0.7128450905333379,0.25
iai,3,,,,,SAT_L,ACO,10000,19.093,63.25268809970463,5.98528561397712,0.6283044461340163,0.6296228606645052,0.25
iai,4,,,,,SAT_L,ACO,10000,19.093,47.02287205686788,5.365788894256519,0.7236766847600835,0.7236964082695997,0.25
iai,5,,,,,SAT_L,ACO,10000,19.093,44.57968287354762,5.199311779155633,0.7380337434713613,0.7412065126790965,0.25
iai,3,,,,,GC_S,ACO,10000,28.592,735.78702009225,20.145225023342665,0.20193352942986253,0.22284111061251655,0.25
iai,4,,,,,GC_S,ACO,10000,28.592,423.97784275380513,16.135779993124423,0.5401352683225542,0.5472325913661105,0.25
iai,5,,,,,GC_S,ACO,10000,28.592,423.97784275380513,16.135779993124423,0.5401352683225542,0.5472325913661105,0.25
iai,3,,,,,GC_L,ACO,10000,17.219,173.32689122074655,10.173862789151498,0.1374529606825836,0.14338606362321293,0.25
iai,4,,,,,GC_L,ACO,10000,17.219,173.32689122074655,10.173862789151498,0.1374529606825836,0.14338606362321293,0.25
iai,5,,,,,GC_L,ACO,10000,17.219,173.32689122074655,10.173862789151498,0.1374529606825836,0.14338606362321293,0.25
iai,3,,,,,BT,ACO,10000,42.844,102.16278323327246,7.394212224911347,0.3835479543491541,0.3962315609483784,0.25
iai,4,,,,,BT,ACO,10000,42.844,70.7377142615116,5.990476532827638,0.5731673777758625,0.5794697467599366,0.25
iai,5,,,,,BT,ACO,10000,42.844,64.18507571362457,5.372593891674538,0.612706114969741,0.6152459410076347,0.25
iai,3,,,,,SAT_S,BBO,10000,6.063,7.826027838249064,2.18941812894673,0.06504068217835057,0.07484760910379373,0.25
iai,4,,,,,SAT_S,BBO,10000,6.063,7.826027838249064,2.18941812894673,0.06504068217835057,0.07484760910379373,0.25
iai,5,,,,,SAT_S,BBO,10000,6.063,7.826027838249064,2.18941812894673,0.06504068217835057,0.07484760910379373,0.25
iai,3,,,,,SAT_M,BBO,10000,4.621,33.596225736884556,4.073012267853279,0.39266977016585414,0.398290512746311,0.25
iai,4,,,,,SAT_M,BBO,10000,4.621,33.596225736884556,4.073012267853279,0.39266977016585414,0.398290512746311,0.25
iai,5,,,,,SAT_M,BBO,10000,4.621,12.653255558538518,2.860122656001382,0.7712628595038723,0.7720402252911824,0.25
iai,3,,,,,SAT_L,BBO,10000,9.882,74.80358018499066,6.470875350140053,0.6551532014012551,0.6589851764127127,0.25
iai,4,,,,,SAT_L,BBO,10000,9.882,53.90052390247959,5.645867209427605,0.7515169318821617,0.7561111917419604,0.25
iai,5,,,,,SAT_L,BBO,10000,9.882,48.63857469043638,5.379766189750477,0.7757746791139765,0.7832980742092421,0.25
iai,3,,,,,GC_S,BBO,10000,12.496,903.4748009834874,20.452297505056432,0.6533173768147578,0.6556424721675111,0.25
iai,4,,,,,GC_S,BBO,10000,12.496,705.1543488988328,16.15588933744933,0.7294171800247067,0.7343172374993943,0.25
iai,5,,,,,GC_S,BBO,10000,12.496,705.1543488988328,16.15588933744933,0.7294171800247067,0.7343172374993943,0.25
iai,3,,,,,GC_L,BBO,10000,6.026,347.52337674973467,12.089534093000799,0.4547967250164896,0.47027635408056256,0.25
iai,4,,,,,GC_L,BBO,10000,6.026,217.41463027730268,8.536985016055464,0.6589145467993183,0.6661519642545167,0.25
iai,5,,,,,GC_L,BBO,10000,6.026,210.41662403593043,8.011057350312475,0.6698931921981824,0.6775406231377274,0.25
iai,3,,,,,BT,BBO,10000,18.995,70.53251934607887,6.183169638315303,0.8482218240411648,0.8482844280791972,0.25
iai,4,,,,,BT,BBO,10000,18.995,46.918095984784934,4.747910309622092,0.8990374497600007,0.8990594238106181,0.25
iai,5,,,,,BT,BBO,10000,18.995,43.588308324871115,4.326129854108776,0.9062027843040878,0.9073175844933432,0.25
iai,3,,,,,SAT_S,BRO,10000,4.791,6.957454909404499,2.09375,0.16732324195116233,0.17853819766057233,0.25
iai,4,,,,,SAT_S,BRO,10000,4.791,6.957454909404499,2.09375,0.16732324195116233,0.17853819766057233,0.25
iai,5,,,,,SAT_S,BRO,10000,4.791,6.957454909404499,2.09375,0.16732324195116233,0.17853819766057233,0.25
iai,3,,,,,SAT_M,BRO,10000,10.802,13.14991200364944,2.9343295585058233,0.31977426933001507,0.32010950703265706,0.25
iai,4,,,,,SAT_M,BRO,10000,10.802,10.98320001281107,2.6416276411104236,0.4318551141836091,0.432080092623063,0.25
iai,5,,,,,SAT_M,BRO,10000,10.802,9.749387816056512,2.4295614369627314,0.49567841602882223,0.4973079403053565,0.25
iai,3,,,,,SAT_L,BRO,10000,18.349,21.91349666969893,3.5945608592863505,0.5011736200498338,0.5020559849709123,0.25
iai,4,,,,,SAT_L,BRO,10000,18.349,17.928345675923953,2.994901780298608,0.5918893316381337,0.5982989049578141,0.25
iai,5,,,,,SAT_L,BRO,10000,18.349,14.433688135173915,2.6790537468692297,0.6714397291166134,0.6775580925102728,0.25
iai,3,,,,,GC_S,BRO,10000,47.004,12939.9287500305,90.23503196485139,0.4635411866157646,0.4653266981800772,0.25
iai,4,,,,,GC_S,BRO,10000,47.004,10244.87222175125,77.91077954370655,0.5752718502920013,0.5758319533922893,0.25
iai,5,,,,,GC_S,BRO,10000,47.004,9300.931226054508,74.6672271154037,0.6144054093894588,0.6155278152661074,0.25
iai,3,,,,,GC_L,BRO,10000,24.656,4185.6534360296455,50.99043572291138,0.4683662304689724,0.46836638249673046,0.25
iai,4,,,,,GC_L,BRO,10000,24.656,3477.0599443643873,45.974707085795,0.5583670474970752,0.5584213918436116,0.25
iai,5,,,,,GC_L,BRO,10000,24.656,2738.621137912516,40.29867118076589,0.6521586172583755,0.6521591685448103,0.25
iai,3,,,,,BT,BRO,10000,40.417,29.075218165592187,4.141091183028736,0.28256980545197785,0.283341808166942,0.25
iai,4,,,,,BT,BRO,10000,40.417,25.111476893212476,3.717685585685607,0.38037501042019595,0.38211681875039416,0.25
iai,5,,,,,BT,BRO,10000,40.417,21.684145820632004,3.3463872567007518,0.46494430872013903,0.4661089064544812,0.25
iai,3,,,,,SAT_S,CRO,10000,3.855,14.120724852071012,3.125384615384616,-0.08768215831210013,1.1102230246251565e-16,0.25
iai,4,,,,,SAT_S,CRO,10000,3.855,5.465262081778877,1.874917257683216,0.5790252894858519,0.6126522758065421,0.25
iai,5,,,,,SAT_S,CRO,10000,3.855,5.465262081778877,1.874917257683216,0.5790252894858519,0.6126522758065421,0.25
iai,3,,,,,SAT_M,CRO,10000,2.091,25.670549339769064,4.142677137848274,0.5529050928316612,0.5602737230211827,0.25
iai,4,,,,,SAT_M,CRO,10000,2.091,24.663446766162703,3.897517214243557,0.5704454432813482,0.5891626193590149,0.25
iai,5,,,,,SAT_M,CRO,10000,2.091,11.969583113007221,2.5319077031780393,0.7915299910445226,0.7944781584363783,0.25
iai,3,,,,,SAT_L,CRO,10000,4.936,33.56421952764148,4.488552660968091,0.7880385296146851,0.7886996729734843,0.25
iai,4,,,,,SAT_L,CRO,10000,4.936,27.139790474504704,4.061100435124205,0.8286094544761307,0.8287167716437148,0.25
iai,5,,,,,SAT_L,CRO,10000,4.936,19.042658082968693,3.3244404789796955,0.8797436715611163,0.8801610950889438,0.25
iai,3,,,,,GC_S,CRO,10000,5.995,449.1614211662864,16.070456147502703,0.581446806864296,0.5814987860732672,0.25
iai,4,,,,,GC_S,CRO,10000,5.995,286.50690631812705,10.495582338060565,0.73301718526158,0.7365488737514689,0.25
iai,5,,,,,GC_S,CRO,10000,5.995,286.50690631812705,10.495582338060565,0.73301718526158,0.7365488737514689,0.25
iai,3,,,,,GC_L,CRO,10000,3.371,127.92948554852472,8.416150038767634,0.5977174899776714,0.5987842984569678,0.25
iai,4,,,,,GC_L,CRO,10000,3.371,76.60051094978256,6.571147450075082,0.7591247578168132,0.7592014849477644,0.25
iai,5,,,,,GC_L,CRO,10000,3.371,83.11532587402158,5.743347661520971,0.7386385025269042,0.7449590537210986,0.25
iai,3,,,,,BT,CRO,10000,7.739,48.166571352660476,4.772341547311138,0.7634312463686265,0.7677198458993605,0.25
iai,4,,,,,BT,CRO,10000,7.739,26.740590451200593,4.0303548520961385,0.8686643458989298,0.8704772475598312,0.25
iai,5,,,,,BT,CRO,10000,7.739,34.54047362093476,3.3233833147781437,0.8303554401970001,0.8304048059868054,0.25
iai,3,,,,,SAT_S,PSO,10000,4.622,1.843338999618086,1.0545872518286306,0.5509130652726506,0.5511867277916787,0.25
iai,4,,,,,SAT_S,PSO,10000,4.622,1.426824674064684,0.9771594154903336,0.6523871521180766,0.6548678755317068,0.25
iai,5,,,,,SAT_S,PSO,10000,4.622,1.426824674064684,0.9771594154903336,0.6523871521180766,0.6548678755317068,0.25
iai,3,,,,,SAT_M,PSO,10000,3.005,22.331350143380106,3.7908229254013364,0.44274405595436894,0.4430452797589536,0.25
iai,4,,,,,SAT_M,PSO,10000,3.005,22.331350143380106,3.7908229254013364,0.44274405595436894,0.4430452797589536,0.25
iai,5,,,,,SAT_M,PSO,10000,3.005,22.331350143380106,3.7908229254013364,0.44274405595436894,0.4430452797589536,0.25
iai,3,,,,,SAT_L,PSO,10000,7.455,40.511348457080196,4.907059564649544,0.4204544988435114,0.4224544181815131,0.25
iai,4,,,,,SAT_L,PSO,10000,7.455,26.698719153767012,3.95986030555792,0.6180546152740567,0.622076414809748,0.25
iai,5,,,,,SAT_L,PSO,10000,7.455,26.698719153767012,3.95986030555792,0.6180546152740567,0.622076414809748,0.25
iai,3,,,,,GC_S,PSO,10000,2.939,255.73960302457465,12.99905482041588,-0.010503809381535278,0.0,0.25
iai,4,,,,,GC_S,PSO,10000,2.939,309.3418753675519,14.825775060819671,-0.22230245047381914,-0.17063757660140277,0.25
iai,5,,,,,GC_S,PSO,10000,2.939,309.3418753675519,14.825775060819671,-0.22230245047381914,-0.17063757660140277,0.25
iai,3,,,,,GC_L,PSO,10000,3.868,149.88633652825592,9.246572742886707,0.5805833729158392,0.5841572629314307,0.25
iai,4,,,,,GC_L,PSO,10000,3.868,94.91099733635652,7.631276491113116,0.7344170836512232,0.738943704643763,0.25
iai,5,,,,,GC_L,PSO,10000,3.868,94.91099733635652,7.631276491113116,0.7344170836512232,0.738943704643763,0.25
iai,3,,,,,BT,PSO,10000,10.31,53.69982483536868,5.904428680472169,0.6616393853353645,0.6630432563911026,0.25
iai,4,,,,,BT,PSO,10000,10.31,32.36542482971396,4.384557234795526,0.7960666524921098,0.7977414156057884,0.25
iai,5,,,,,BT,PSO,10000,10.31,30.48827029710319,4.237351632297492,0.8078945339316104,0.8091366861821015,0.25
naive,3,,,,,SAT_S,CRO,10000,0.808,11.411159574806376,2.7086309523809535,0.49246286736734013,0.5161798568787435,
naive,4,,,,,SAT_S,CRO,10000,0.808,7.455602503256202,1.8957370448179263,0.6683952150747361,0.6728405137180005,
naive,5,,,,,SAT_S,CRO,10000,0.808,8.924498669647997,2.210539762170197,0.6030627356243952,0.6156414812360285,
naive,3,,,,,SAT_S,BBO,10000,1.441,5.815832578259563,1.9343831108639233,0.15297787510485095,0.1564345006256571,
naive,4,,,,,SAT_S,BBO,10000,1.441,6.121065117382283,1.9217774314914657,0.10852358409906726,0.11473786862516322,
naive,5,,,,,SAT_S,BBO,10000,1.441,4.774522022169387,1.749146303258145,0.30463510870410293,0.32530132870408,
naive,3,,,,,SAT_S,ACO,10000,3.279,3.2981513118149257,1.3395300113700521,0.5072070726123337,0.5168286415807859,
naive,4,,,,,SAT_S,ACO,10000,3.279,3.3988008556498044,1.290255335083349,0.4921685317276435,0.49286781883782005,
naive,5,,,,,SAT_S,ACO,10000,3.279,3.8501598390003395,1.3387135986470042,0.42472877724723646,0.42475145449084983,
naive,3,,,,,SAT_S,BRO,10000,1.278,7.1771125313606055,2.1161820646056397,0.22149045332762385,0.2216847995072022,
naive,4,,,,,SAT_S,BRO,10000,1.278,6.893795377198631,2.1239324598807507,0.25222218677716657,0.25339332196208375,
naive,5,,,,,SAT_S,BRO,10000,1.278,6.378596234854559,2.019111632520803,0.30810642281216216,0.3105984265367864,
naive,3,,,,,SAT_S,PSO,10000,1.262,5.04975469707647,1.6675546159267085,0.3453234865450573,0.43366353570250793,
naive,4,,,,,SAT_S,PSO,10000,1.262,4.597319447514334,1.5498428132455062,0.40397954996115537,0.4686060306452101,
naive,5,,,,,SAT_S,PSO,10000,1.262,3.654519540541639,1.3817024061210113,0.5262090428788746,0.5656097468540819,
naive,3,,,,,SAT_M,CRO,10000,1.343,25.67365166052859,3.3495010293393115,0.48875340059940275,0.48917163391054275,
naive,4,,,,,SAT_M,CRO,10000,1.343,22.133217694159736,3.229056538081168,0.5592550514608283,0.5593663416044117,
naive,5,,,,,SAT_M,CRO,10000,1.343,16.83092561397292,2.612512839445573,0.6648410752515872,0.6648587414040358,
naive,3,,,,,SAT_M,BBO,10000,3.596,25.02731532252626,3.7873524133738266,0.5342268158676315,0.5343490569416954,
naive,4,,,,,SAT_M,BBO,10000,3.596,20.09560436783913,3.29697827182821,0.6260088821812966,0.6261882177712416,
naive,5,,,,,SAT_M,BBO,10000,3.596,22.322469591557088,3.214953636665309,0.5845655994113228,0.5850290588732315,
naive,3,,,,,SAT_M,ACO,10000,8.667,15.070106927589183,2.7451261044218005,0.7740889401025158,0.7742060448150689,
naive,4,,,,,SAT_M,ACO,10000,8.667,13.737205256404165,2.593318197079371,0.7940700345116918,0.7961167267286635,
naive,5,,,,,SAT_M,ACO,10000,8.667,13.348184484864397,2.4215928677715803,0.7999017180719321,0.802475159489093,
naive,3,,,,,SAT_M,BRO,10000,2.561,11.490579886268335,2.6163456910159355,0.5326918606162303,0.5326995219129521,
naive,4,,,,,SAT_M,BRO,10000,2.561,10.045662284262045,2.389604945238369,0.5914549311348324,0.5915508647896117,
naive,5,,,,,SAT_M,BRO,10000,2.561,9.099662704393108,2.274356446569244,0.6299276024797029,0.6299301045096171,
naive,3,,,,,SAT_M,PSO,10000,2.206,16.24169321483518,2.968187610793939,0.4786083324377425,0.4829986749212446,
naive,4,,,,,SAT_M,PSO,10000,2.206,14.032012486971523,2.6086622213980695,0.549543616354365,0.5545136711990877,
naive,5,,,,,SAT_M,PSO,10000,2.206,12.38857680332551,2.4140628832098883,0.6023012728556493,0.6104838554914931,
naive,3,,,,,SAT_L,CRO,10000,2.686,24.53758882290206,3.7746419001277354,0.7179315149634901,0.7186565731971409,
naive,4,,,,,SAT_L,CRO,10000,2.686,17.002149974590747,3.05925259507792,0.8045541181609404,0.8059305071397388,
naive,5,,,,,SAT_L,CRO,10000,2.686,13.517154785669566,2.5801596108809175,0.8446154021115881,0.8454775246088875,
naive,3,,,,,SAT_L,BBO,10000,7.402,79.81793815759856,5.926790381335838,0.6118983493876664,0.6282155749971219,
naive,4,,,,,SAT_L,BBO,10000,7.402,64.632500844102,4.738090342309565,0.6857350510449001,0.6955919723748909,
naive,5,,,,,SAT_L,BBO,10000,7.402,51.50603902200434,4.361975614040625,0.7495603216225127,0.7591121589971395,
naive,3,,,,,SAT_L,ACO,10000,15.845,50.45173131761477,5.0407897510090285,0.7530902155785261,0.7531413264420073,
naive,4,,,,,SAT_L,ACO,10000,15.845,44.493158818027354,4.638248059821066,0.7822513526279337,0.7829558934399791,
naive,5,,,,,SAT_L,ACO,10000,15.845,36.20670449617524,4.3525933739690705,0.8228050976985721,0.8228052111446856,
naive,3,,,,,SAT_L,BRO,10000,4.826,21.6222663998427,3.5906694213301633,0.5591726149994523,0.5592507191328785,
naive,4,,,,,SAT_L,BRO,10000,4.826,18.880600379959922,3.1568116000220185,0.6150687657424002,0.6151021480455925,
naive,5,,,,,SAT_L,BRO,10000,4.826,18.549984823328398,3.1202501676092296,0.6218092428309369,0.6219627829814776,
naive,3,,,,,SAT_L,PSO,10000,4.418,30.762891841182824,3.9687074829931968,0.5534923546205068,0.5539440641880503,
naive,4,,,,,SAT_L,PSO,10000,4.418,21.39790337978478,3.6432368188986066,0.6894203736277141,0.6895360244106096,
naive,5,,,,,SAT_L,PSO,10000,4.418,18.627304013762732,3.1749389736614435,0.7296342067614477,0.7308217684496154,
naive,3,,,,,GC_S,CRO,10000,1.284,232.09041585705793,10.464126624568264,0.8091748966915988,0.8110886800841177,
naive,4,,,,,GC_S,CRO,10000,1.284,234.31343909109438,10.157334680514225,0.8073471235079218,0.8073659371379701,
naive,5,,,,,GC_S,CRO,10000,1.284,202.78596031508442,8.369995182725118,0.8332690659210495,0.8333081007163692,
naive,3,,,,,GC_S,BBO,10000,6.555,536.2277129303399,15.825666602126695,0.8146793827136002,0.8186365249124622,
naive,4,,,,,GC_S,BBO,10000,6.555,262.6795803518241,12.158239541322517,0.9092177804214747,0.9099837509708767,
naive,5,,,,,GC_S,BBO,10000,6.555,197.7594305162933,9.530578262511344,0.9316542229098717,0.9340582278684816,
naive,3,,,,,GC_S,ACO,10000,27.975,626.8920527843883,17.987259450644302,0.403411522300121,0.40525642706458165,
naive,4,,,,,GC_S,ACO,10000,27.975,578.358189274988,17.327825859543754,0.44959928878936284,0.4513060283875695,
naive,5,,,,,GC_S,ACO,10000,27.975,776.3162884132438,20.15676012959814,0.2612103620376106,0.2616239941750067,
naive,3,,,,,GC_S,BRO,10000,2.443,9276.07225092723,77.61448846906994,0.6664363015080343,0.6664916685272892,
naive,4,,,,,GC_S,BRO,10000,2.443,7892.701531786791,70.31086252072646,0.7161817369660052,0.7168199538381931,
naive,5,,,,,GC_S,BRO,10000,2.443,6676.418606195906,64.76341514702472,0.7599187648909623,0.7601129089094084,
naive,3,,,,,GC_S,PSO,10000,2.109,624.2985991042225,18.76063319861389,0.7122396112195455,0.7173700553644069,
naive,4,,,,,GC_S,PSO,10000,2.109,594.0428360782142,18.305145172873708,0.7261855181040169,0.7296199766454771,
naive,5,,,,,GC_S,PSO,10000,2.109,585.9005768258706,17.147369376912916,0.7299385614255423,0.7324951502057091,
naive,3,,,,,GC_L,CRO,10000,0.941,109.13335788884814,7.122582020790897,0.7101645998213819,0.7142564310961697,
naive,4,,,,,GC_L,CRO,10000,0.941,82.91883168452355,6.076978240179895,0.7797849051056903,0.7804299141306702,
naive,5,,,,,GC_L,CRO,10000,0.941,70.62266166948376,5.447139577145139,0.8124409639488825,0.8125576717860803,
naive,3,,,,,GC_L,BBO,10000,3.937,83.23509576373125,7.112722923036478,0.8379525141334279,0.8379779935958414,
naive,4,,,,,GC_L,BBO,10000,3.937,68.97899798320522,6.281310890998079,0.865707210423558,0.8657137059217379,
naive,5,,,,,GC_L,BBO,10000,3.937,63.72788115047156,5.608872651689741,0.87593042543795,0.8767132221468465,
naive,3,,,,,GC_L,ACO,10000,20.833,201.22425103457414,10.823124976620656,0.21320643400918815,0.237945465299914,
naive,4,,,,,GC_L,ACO,10000,20.833,173.45804216323214,9.955621054391907,0.3217732413378699,0.3426320727870066,
naive,5,,,,,GC_L,ACO,10000,20.833,174.96922503060466,10.144599513256232,0.315864465676034,0.3361799750846436,
naive,3,,,,,GC_L,BRO,10000,1.816,3071.378958276594,44.000672718981185,0.5892997261580584,0.5910369626280008,
naive,4,,,,,GC_L,BRO,10000,1.816,2618.2383964255023,39.837189592540184,0.6498930151560274,0.6504220939494533,
naive,5,,,,,GC_L,BRO,10000,1.816,2199.043836429739,36.75486867951957,0.7059470947476634,0.7060861815515922,
naive,3,,,,,GC_L,PSO,10000,1.782,110.02096119544662,7.833438766011632,0.7315946364065445,0.7338007962592556,
naive,4,,,,,GC_L,PSO,10000,1.782,102.52621424344794,7.550911163948084,0.7498787002688716,0.7501154895410913,
naive,5,,,,,GC_L,PSO,10000,1.782,90.28666652184302,6.790948020941572,0.7797381036111211,0.7800022950102559,
naive,3,,,,,BT,CRO,10000,5.52,16.8788318892177,2.9224044660781425,0.8645338927971866,0.8649640218634,
naive,4,,,,,BT,CRO,10000,5.52,11.635214329976051,2.2670205767561056,0.9066181118398887,0.9072264979086324,
naive,5,,,,,BT,CRO,10000,5.52,15.891696363389404,2.1661584466605097,0.8724564438269758,0.8729119726530584,
naive,3,,,,,BT,BBO,10000,15.022,56.975856231046585,5.228877179512622,0.8183800953323558,0.8186639466758249,
naive,4,,,,,BT,BBO,10000,15.022,47.99618011640361,4.174627677276156,0.8470042885919402,0.847982931944214,
naive,5,,,,,BT,BBO,10000,15.022,49.3564254578666,3.991854239912272,0.8426682830347917,0.8428436436729223,
naive,3,,,,,BT,ACO,10000,46.736,42.93880704866262,4.925438899788083,0.726690502822098,0.7287280758009738,
naive,4,,,,,BT,ACO,10000,46.736,35.88649404131914,4.501531097062422,0.7715791304869007,0.7717978862952914,
naive,5,,,,,BT,ACO,10000,46.736,33.364932349834724,4.379284864732825,0.787629104982504,0.7886197297919694,
naive,3,,,,,BT,BRO,10000,8.104,19.672344137009276,3.4431059506827184,0.41498393286982904,0.4152134904940604,
naive,4,,,,,BT,BRO,10000,8.104,17.035774824066316,3.1279707418771125,0.49339021731827093,0.49454413615070913,
naive,5,,,,,BT,BRO,10000,8.104,16.03753361607104,2.982596095416142,0.5230759091443926,0.5241211213350532,
naive,3,,,,,BT,PSO,10000,7.77,56.1323044033661,5.449004513517655,0.6520040125913275,0.6520040306892312,
naive,4,,,,,BT,PSO,10000,7.77,48.07242904180978,5.160327408163515,0.701971750681685,0.7023416005388982,
naive,5,,,,,BT,PSO,10000,7.77,50.06154418670796,5.170399834344042,0.6896400978789741,0.6909336599793411,
naive,3,,,,,SAT_S,CRO,10000,0.722,6.469867199556329,2.0753038194444446,0.4961101298793976,0.5143010955581189,
naive,4,,,,,SAT_S,CRO,10000,0.722,5.514487640949634,1.725649541007773,0.5705175430230891,0.5909246708859398,
naive,5,,,,,SAT_S,CRO,10000,0.722,8.672948877984389,2.32684659090909,0.3245284719306347,0.3276334578534187,
naive,3,,,,,SAT_S,BBO,10000,1.538,7.9437722114034806,1.9889150121908743,-0.04386131715473862,-0.020085195766853303,
naive,4,,,,,SAT_S,BBO,10000,1.538,7.136155002907182,1.6930841302038062,0.06226463164922813,0.08706316166172356,
naive,5,,,,,SAT_S,BBO,10000,1.538,7.278410560344829,1.758189655172414,0.04357136230468717,0.05221455078124948,
naive,3,,,,,SAT_S,ACO,10000,3.482,4.474739078474232,1.6851318058635134,0.4557924764205482,0.45588032836015124,
naive,4,,,,,SAT_S,ACO,10000,3.482,4.689725535460621,1.757146644447811,0.42964631564829237,0.43547483355120875,
naive,5,,,,,SAT_S,ACO,10000,3.482,4.473934078945284,1.6522963913849675,0.45589037862053094,0.47411827636443105,
naive,3,,,,,SAT_S,BRO,10000,1.217,7.069889733335154,2.1537794237639996,0.32886410458360504,0.3336349709293496,
naive,4,,,,,SAT_S,BRO,10000,1.217,7.151137126674086,2.068449883449884,0.3211513899394618,0.3264205013223521,
naive,5,,,,,SAT_S,BRO,10000,1.217,9.627172348484851,2.4062121212121212,0.08610442621707548,0.0912058666237785,
naive,3,,,,,SAT_S,PSO,10000,1.15,2.779055521053165,1.2973399616256756,0.5542189743441135,0.5641481383693399,
naive,4,,,,,SAT_S,PSO,10000,1.15,2.4911932489655926,1.1790726817042605,0.6003942083136031,0.6104656679888538,
naive,5,,,,,SAT_S,PSO,10000,1.15,2.2876236373684162,1.0435374149659855,0.6330482771375933,0.633071990075734,
naive,3,,,,,SAT_M,CRO,10000,1.363,20.59328172168953,3.3260402094589767,0.6466863797194533,0.647554833451871,
naive,4,,,,,SAT_M,CRO,10000,1.363,11.571117022720832,2.5021771617222135,0.8014773312365511,0.8020839536642458,
naive,5,,,,,SAT_M,CRO,10000,1.363,10.168572979576176,2.3026957588772143,0.8255404174499755,0.8295222215592499,
naive,3,,,,,SAT_M,BBO,10000,3.503,30.189536113939823,4.251763166028606,0.326712580851246,0.3358853911248654,
naive,4,,,,,SAT_M,BBO,10000,3.503,26.945736731341537,3.5359457671957677,0.39905583602095596,0.4021465089673173,
naive,5,,,,,SAT_M,BBO,10000,3.503,28.163099476775198,3.5373633865267062,0.3719061965582148,0.3802037724352202,
naive,3,,,,,SAT_M,ACO,10000,8.357,12.623392701133598,2.573084577444178,0.758031637176946,0.758202008372703,
naive,4,,,,,SAT_M,ACO,10000,8.357,11.952037269002478,2.4800823940898544,0.7709003467727857,0.7709074351773869,
naive,5,,,,,SAT_M,ACO,10000,8.357,12.973708009435851,2.3828352015057415,0.7513167053334537,0.7514107159087602,
naive,3,,,,,SAT_M,BRO,10000,2.583,12.915092591536487,2.8767441353909278,0.44668271796193126,0.44721286172258723,
naive,4,,,,,SAT_M,BRO,10000,2.583,10.183278573014508,2.514250884906496,0.5637209735569884,0.5641004559295268,
naive,5,,,,,SAT_M,BRO,10000,2.583,8.742368274947438,2.296519497344386,0.6254534438537641,0.6256727908319837,
naive,3,,,,,SAT_M,PSO,10000,2.297,18.49163122735347,3.1651683278380904,0.3846902498436998,0.40753353079402066,
naive,4,,,,,SAT_M,PSO,10000,2.297,16.31830286228597,2.8451981905507364,0.45700783593849204,0.46522838049493886,
naive,5,,,,,SAT_M,PSO,10000,2.297,14.940479106435857,2.894053228563332,0.5028549751415208,0.5127941669493983,
naive,3,,,,,SAT_L,CRO,10000,2.583,32.529063113342296,4.253213554045472,0.8102757350257371,0.8110043082166057,
naive,4,,,,,SAT_L,CRO,10000,2.583,34.176012541779066,4.01965710167296,0.8006699782084808,0.8044799440749806,
naive,5,,,,,SAT_L,CRO,10000,2.583,29.761713043098336,3.456741918942387,0.8264161770721039,0.8279513695538047,
naive,3,,,,,SAT_L,BBO,10000,6.923,64.72249763972222,6.276392950128152,0.6275683054391881,0.6289935296704995,
naive,4,,,,,SAT_L,BBO,10000,6.923,68.282009051886,5.789724032298751,0.6070858624651843,0.6097122741554168,
naive,5,,,,,SAT_L,BBO,10000,6.923,59.7671444375592,5.447325544498729,0.6560828198280187,0.6560864544980469,
naive,3,,,,,SAT_L,ACO,10000,16.392,46.590103326391116,5.0215052282696435,0.7617148129560607,0.7617155386104422,
naive,4,,,,,SAT_L,ACO,10000,16.392,37.34674172983344,4.552834131778817,0.8089900063918921,0.8109540741729998,
naive,5,,,,,SAT_L,ACO,10000,16.392,34.727222453002426,4.171927491443575,0.8223875435570718,0.8251908315956558,
naive,3,,,,,SAT_L,BRO,10000,5.029,32.866197670070015,4.577970125507339,0.34777899861212225,0.3495860228182074,
naive,4,,,,,SAT_L,BRO,10000,5.029,29.72131376951926,4.333040053413614,0.41018838796274193,0.4113565246786167,
naive,5,,,,,SAT_L,BRO,10000,5.029,27.280528175848072,4.102792502440264,0.4586251326101777,0.4596026303164983,
naive,3,,,,,SAT_L,PSO,10000,4.635,33.27241332868981,4.36961459818358,0.6491589381659859,0.6491677222110368,
naive,4,,,,,SAT_L,PSO,10000,4.635,27.49802927296948,3.75542990238411,0.7100469481078272,0.7101214984671125,
naive,5,,,,,SAT_L,PSO,10000,4.635,26.60011582574258,3.7490466925170924,0.7195149991370109,0.7208713211556442,
naive,3,,,,,GC_S,CRO,10000,1.361,259.6582469907898,10.067684368159465,0.7701481093418933,0.7835579693630899,
naive,4,,,,,GC_S,CRO,10000,1.361,171.62156165060864,8.486427897382724,0.848079000454438,0.8553266112481909,
naive,5,,,,,GC_S,CRO,10000,1.361,143.03542739513247,7.464024306651429,0.8733837118640498,0.8813696681988631,
naive,3,,,,,GC_S,BBO,10000,6.806,586.0391020530393,16.066685574455335,0.7598284367643864,0.7600012725284699,
naive,4,,,,,GC_S,BBO,10000,6.806,458.67771463919,12.330441234953573,0.8120239018858799,0.8124892171468607,
naive,5,,,,,GC_S,BBO,10000,6.806,396.1758963112955,10.834271224533852,0.8376385056901158,0.8399371541328583,
naive,3,,,,,GC_S,ACO,10000,28.724,620.7401856429254,17.17681146932832,0.4624673136385201,0.47454468332536404,
naive,4,,,,,GC_S,ACO,10000,28.724,607.1142618439227,16.65014564949556,0.4742667421163922,0.48745309628952405,
naive,5,,,,,GC_S,ACO,10000,28.724,740.0561398712872,18.92473168478861,0.3591451397474803,0.3717729112202798,
naive,3,,,,,GC_S,BRO,10000,2.498,12322.304305513779,89.222564604518,0.5178289137761233,0.5183305685109325,
naive,4,,,,,GC_S,BRO,10000,2.498,9899.351605921396,79.3802811237871,0.6126389189558179,0.6126472763179196,
naive,5,,,,,GC_S,BRO,10000,2.498,8946.084555114894,74.61719134319289,0.649940205951557,0.6499495947324121,
naive,3,,,,,GC_S,PSO,10000,2.186,446.2477793645488,16.782441297061187,-0.46295614097692184,-0.4563002947824233,
naive,4,,,,,GC_S,PSO,10000,2.186,426.1810941304165,16.144838700394256,-0.3971705354235937,-0.3921469884141311,
naive,5,,,,,GC_S,PSO,10000,2.186,560.0619811875368,18.167019400352736,-0.8360788615525363,-0.8354582391910101,
naive,3,,,,,GC_L,CRO,10000,0.922,136.28671133814333,7.754687321087971,0.7231155686460025,0.727254270030856,
naive,4,,,,,GC_L,CRO,10000,0.922,121.3045357587196,6.852500344746024,0.753553834600355,0.7603411211799531,
naive,5,,,,,GC_L,CRO,10000,0.922,109.80536048756291,6.220973025530811,0.776915925993803,0.7854443087895772,
naive,3,,,,,GC_L,BBO,10000,4.117,117.31330477548035,8.249777717106909,0.76380786528417,0.7654885997630615,
naive,4,,,,,GC_L,BBO,10000,4.117,126.81551058073234,8.63075184011882,0.7446766484290405,0.7451199100143158,
naive,5,,,,,GC_L,BBO,10000,4.117,193.1158994986585,8.896880212761106,0.6111911037077076,0.615090771682944,
naive,3,,,,,GC_L,ACO,10000,16.827,212.26224743283353,10.418016997238704,0.09262751627012344,0.09525423089581275,
naive,4,,,,,GC_L,ACO,10000,16.827,227.74274269034018,10.635769277412384,0.026451945243923136,0.027900698110839284,
naive,5,,,,,GC_L,ACO,10000,16.827,235.2438666822046,10.319419817107171,-0.005613641498804167,-0.004822722769759258,
naive,3,,,,,GC_L,BRO,10000,1.676,3756.0014301427655,48.11060317735269,0.6000035852882397,0.600158303831813,
naive,4,,,,,GC_L,BRO,10000,1.676,3087.185021053315,43.12514697220612,0.6712293743918412,0.6716404109664044,
naive,5,,,,,GC_L,BRO,10000,1.676,2638.41071319276,39.21588076454041,0.7190217188564573,0.7192057546697014,
naive,3,,,,,GC_L,PSO,10000,1.447,137.23140969829967,8.553941625145377,0.6510400362132516,0.6541400706136393,
naive,4,,,,,GC_L,PSO,10000,1.447,120.87012024771262,7.712505807892242,0.6926444690958797,0.6931385626903994,
naive,5,,,,,GC_L,PSO,10000,1.447,108.38405230322722,6.557856313627296,0.7243947646537668,0.7248223556556161,
naive,3,,,,,BT,CRO,10000,4.092,17.778625251545495,2.992229283682578,0.8700661918646131,0.8702202409469415,
naive,4,,,,,BT,CRO,10000,4.092,15.968079066750063,2.757299551902902,0.8832984388616083,0.8841408220596045,
naive,5,,,,,BT,CRO,10000,4.092,16.03024584701703,2.4362479391090917,0.8828440974046443,0.8834723298753309,
naive,3,,,,,BT,BBO,10000,13.582,59.80112667332377,5.70408722984449,0.8120913632951545,0.8126487443998501,
naive,4,,,,,BT,BBO,10000,13.582,47.008598384913505,4.473631625746279,0.8522883743617646,0.8524803686621963,
naive,5,,,,,BT,BBO,10000,13.582,38.68603169422964,4.0912976033139925,0.8784397572491572,0.8788373782685455,
naive,3,,,,,BT,ACO,10000,42.111,61.635710618764854,5.910879220310495,0.7195092148309699,0.7196051750731232,
naive,4,,,,,BT,ACO,10000,42.111,44.97783338284141,5.100708052250679,0.7953156104780249,0.7953576402917105,
naive,5,,,,,BT,ACO,10000,42.111,38.782047001122294,4.712261207513406,0.8235112939462852,0.823726440772224,
naive,3,,,,,BT,BRO,10000,7.521,12.578510232266007,2.6566894057496517,0.4472650643424171,0.44741907997393593,
naive,4,,,,,BT,BRO,10000,7.521,11.165350822675226,2.4715363864383884,0.5093632429749239,0.5093632674161033,
naive,5,,,,,BT,BRO,10000,7.521,9.723586531921823,2.2571553341399633,0.5727184001253123,0.5727197903431795,
naive,3,,,,,BT,PSO,10000,7.273,47.501670311946285,4.934301262261267,0.7293271058933215,0.7424345423156564,
naive,4,,,,,BT,PSO,10000,7.273,42.693705312380224,4.827277998993677,0.756723738320137,0.761902838927382,
naive,5,,,,,BT,PSO,10000,7.273,42.24996436569963,4.3755987957144065,0.7592522524857002,0.7640197293052492,
naive,3,,,,,SAT_S,CRO,10000,0.734,9.056397534740396,2.234749694749694,0.30668508907086056,0.3501028901406886,
naive,4,,,,,SAT_S,CRO,10000,0.734,7.410208844985006,2.0336700336700337,0.43270950003914865,0.47522234873949676,
naive,5,,,,,SAT_S,CRO,10000,0.734,6.6550278243109,1.70253896430367,0.49052258300901563,0.5001957263626287,
naive,3,,,,,SAT_S,BBO,10000,1.523,7.608040702595684,2.200226487741353,0.20694568283552672,0.33608424896476263,
naive,4,,,,,SAT_S,BBO,10000,1.523,8.050424734115692,2.3008165035129493,0.16083202759155957,0.2614751648918654,
naive,5,,,,,SAT_S,BBO,10000,1.523,9.072824643118873,2.37504105090312,0.05425811541113379,0.18279335963016952,
naive,3,,,,,SAT_S,ACO,10000,3.322,1.9763319954581167,1.1631873601438798,0.712412166513173,0.7348325498723157,
naive,4,,,,,SAT_S,ACO,10000,3.322,1.9153863018056996,1.1589308520343002,0.7212807371977191,0.7227045272313344,
naive,5,,,,,SAT_S,ACO,10000,3.322,2.208577170641208,1.1193655856813762,0.6786167885492638,0.6791350116516397,
naive,3,,,,,SAT_S,BRO,10000,1.24,6.779354890186974,2.115678531754913,0.3139560741209233,0.31460335341973944,
naive,4,,,,,SAT_S,BRO,10000,1.24,5.039596333165182,1.7700212444981012,0.49001276533627713,0.4901582971599465,
naive,5,,,,,SAT_S,BRO,10000,1.24,4.0026113104465555,1.6179632854157622,0.5949515519298891,0.5955970839327862,
naive,3,,,,,SAT_S,PSO,10000,1.091,2.671733427200873,1.213104296066252,0.43634315881838115,0.4394815160051705,
naive,4,,,,,SAT_S,PSO,10000,1.091,2.177213539859527,1.1426413557372854,0.5406722489747833,0.5472374667314727,
naive,5,,,,,SAT_S,PSO,10000,1.091,2.4761962050150905,1.1917953975848714,0.4775957373385884,0.4775981071612171,
naive,3,,,,,SAT_M,CRO,10000,1.281,13.313029096898367,2.8335443594478122,0.7253263064233867,0.73004085736845,
naive,4,,,,,SAT_M,CRO,10000,1.281,12.902882327783727,2.6182430759916153,0.7337884322973156,0.7358703695028075,
naive,5,,,,,SAT_M,CRO,10000,1.281,13.751157768598489,2.532039033346226,0.7162868594544227,0.7166758232697363,
naive,3,,,,,SAT_M,BBO,10000,3.307,24.56477874263056,3.8410107345420426,0.5467537986356606,0.5490066330903693,
naive,4,,,,,SAT_M,BBO,10000,3.307,24.53153452299773,3.397976965164465,0.5473671897198535,0.5490907480339097,
naive,5,,,,,SAT_M,BBO,10000,3.307,21.29902985829572,3.3260822510822496,0.6070103265670856,0.6080328767636884,
naive,3,,,,,SAT_M,ACO,10000,7.997,14.50121327342581,2.80683149440067,0.6237022898999061,0.6284961712827862,
naive,4,,,,,SAT_M,ACO,10000,7.997,8.58593810351765,2.160314563142011,0.7772001013642381,0.7846030948433965,
naive,5,,,,,SAT_M,ACO,10000,7.997,7.5793215727616525,1.9093108115320823,0.8033211912572148,0.8096041730085493,
naive,3,,,,,SAT_M,BRO,10000,2.407,9.502127523674913,2.349333953163102,0.624065940005648,0.6241161995667678,
naive,4,,,,,SAT_M,BRO,10000,2.407,7.8721759574997,2.144868102920828,0.6885519520423944,0.6887957392385657,
naive,5,,,,,SAT_M,BRO,10000,2.407,7.531973770556754,2.0962579294431274,0.7020114208863737,0.7021646352139783,
naive,3,,,,,SAT_M,PSO,10000,2.229,17.236811404217402,3.0067179332047016,0.4308260617006525,0.4360403310710319,
naive,4,,,,,SAT_M,PSO,10000,2.229,16.97865337438065,2.8234915845530955,0.4393506559019811,0.4496304066717276,
naive,5,,,,,SAT_M,PSO,10000,2.229,15.409818682314118,2.721063132282646,0.4911548904140366,0.5139968764461116,
naive,3,,,,,SAT_L,CRO,10000,2.517,27.070628968965238,3.9537793634874503,0.7786568353045408,0.7786786963394565,
naive,4,,,,,SAT_L,CRO,10000,2.517,20.36076739233424,3.266550482283882,0.8335200598621466,0.8344319461922781,
naive,5,,,,,SAT_L,CRO,10000,2.517,13.670372232583553,2.667411717326401,0.888224117142091,0.8898074361858813,
naive,3,,,,,SAT_L,BBO,10000,7.776,121.67573049762947,7.082886163624496,0.4308343021167609,0.4486149907423954,
naive,4,,,,,SAT_L,BBO,10000,7.776,79.25534330297624,5.769429850736535,0.6292652396864549,0.6383332336372282,
naive,5,,,,,SAT_L,BBO,10000,7.776,69.85724997901873,5.28471076754705,0.6732269428430782,0.685211958129019,
naive,3,,,,,SAT_L,ACO,10000,19.957,71.1396009250421,5.981734520083679,0.6406759973172673,0.6419246004483714,
naive,4,,,,,SAT_L,ACO,10000,19.957,67.55677212041914,5.647955186448742,0.6587727587590501,0.6639909539072153,
naive,5,,,,,SAT_L,ACO,10000,19.957,70.83280466433928,5.700711235575182,0.6422256160805211,0.6562363433485011,
naive,3,,,,,SAT_L,BRO,10000,5.363,16.815092034381625,3.0663616915063803,0.5593310543976789,0.559414599359114,
naive,4,,,,,SAT_L,BRO,10000,5.363,15.525840139498575,2.8328264829451077,0.5931181589804105,0.5931686582488652,
naive,5,,,,,SAT_L,BRO,10000,5.363,16.782918824037825,2.808103784756028,0.560174209739907,0.5609061673281941,
naive,3,,,,,SAT_L,PSO,10000,5.372,32.93930137164033,4.393247708537089,0.7086778478785363,0.7144959376631386,
naive,4,,,,,SAT_L,PSO,10000,5.372,29.586376185595316,4.178247351349444,0.7383318277878331,0.7487980072324492,
naive,5,,,,,SAT_L,PSO,10000,5.372,28.994874526573277,4.023711904413399,0.7435631936369606,0.7478688985079743,
naive,3,,,,,GC_S,CRO,10000,1.681,428.0209493147824,12.14943501162349,0.7311725899337354,0.7341920712486896,
naive,4,,,,,GC_S,CRO,10000,1.681,324.6901210273133,11.222443303680127,0.7960716538533688,0.7977279619204053,
naive,5,,,,,GC_S,CRO,10000,1.681,326.7461973382858,10.739806797219893,0.7947802925999952,0.7975996045136142,
naive,3,,,,,GC_S,BBO,10000,8.052,787.0055285523238,17.83392571967279,0.7549189212398904,0.7558842829371034,
naive,4,,,,,GC_S,BBO,10000,8.052,587.6367360970786,14.052765379172177,0.8170042776361934,0.8198963545171147,
naive,5,,,,,GC_S,BBO,10000,8.052,519.8288279944344,12.892480305951073,0.8381203113403424,0.8408803043083034,
naive,3,,,,,GC_S,ACO,10000,33.424,631.5853515238123,19.93872373244784,0.5947480921739747,0.6214799960428099,
naive,4,,,,,GC_S,ACO,10000,33.424,528.0106753552532,17.43538928128462,0.6612059905696579,0.6682179400196472,
naive,5,,,,,GC_S,ACO,10000,33.424,590.340624712845,17.632802378850908,0.6212124555218279,0.6354854373064527,
naive,3,,,,,GC_S,BRO,10000,2.681,9865.903650051852,78.08647063200874,0.625793943210001,0.6261850040471907,
naive,4,,,,,GC_S,BRO,10000,2.681,8332.778020175158,70.33397886075436,0.6839442066698338,0.6842283222335845,
naive,5,,,,,GC_S,BRO,10000,2.681,7411.146347680876,65.7931208175154,0.7189009796335597,0.7193555440177881,
naive,3,,,,,GC_S,PSO,10000,2.558,285.9523088015272,13.820471041675859,0.602646221672667,0.6055964020952377,
naive,4,,,,,GC_S,PSO,10000,2.558,300.824541881043,13.823150654413809,0.5819800552371583,0.6054253405300348,
naive,5,,,,,GC_S,PSO,10000,2.558,279.22082309285076,13.629399238692349,0.61200016356357,0.6305679254182974,
naive,3,,,,,GC_L,CRO,10000,1.057,73.64646409678947,6.071907490204869,0.7301301570696817,0.7301516641065768,
naive,4,,,,,GC_L,CRO,10000,1.057,37.37713610563058,4.596486983427598,0.8630353544637944,0.8635000703018075,
naive,5,,,,,GC_L,CRO,10000,1.057,38.89193343919552,4.56389805325576,0.8574845364646686,0.8576025952308586,
naive,3,,,,,GC_L,BBO,10000,4.621,171.05736559680756,9.18890124228942,0.6845805855513889,0.6903947939117185,
naive,4,,,,,GC_L,BBO,10000,4.621,132.35062316216923,7.675429634777318,0.75595347260218,0.7583912086741867,
naive,5,,,,,GC_L,BBO,10000,4.621,118.58318295278272,6.8124027149398465,0.7813397979097761,0.7842602746201395,
naive,3,,,,,GC_L,ACO,10000,19.665,148.47995084128877,9.102643627681111,0.34297365069467867,0.34309965163628575,
naive,4,,,,,GC_L,ACO,10000,19.665,138.93939394281392,9.147103392412316,0.38519077990187345,0.3888173355634701,
naive,5,,,,,GC_L,ACO,10000,19.665,137.8688260838207,8.375929790296517,0.3899280611852556,0.3903440371478041,
naive,3,,,,,GC_L,BRO,10000,1.806,3158.4128218412184,44.0613053192113,0.5307912518020145,0.5308051151308707,
naive,4,,,,,GC_L,BRO,10000,1.806,2648.0399519226457,40.26648719754734,0.6066114276044624,0.6066587656817883,
naive,5,,,,,GC_L,BRO,10000,1.806,2211.640757475074,36.551531126278164,0.6714421927043794,0.6714592779707274,
naive,3,,,,,GC_L,PSO,10000,1.543,103.61334798494269,7.08749508118778,0.6560591974238353,0.6560639484942362,
naive,4,,,,,GC_L,PSO,10000,1.543,92.70742417933631,6.485135462236633,0.6922610214116083,0.6956845688379052,
naive,5,,,,,GC_L,PSO,10000,1.543,83.5371043186688,5.9925830974549115,0.7227015701835336,0.730555419309352,
naive,3,,,,,BT,CRO,10000,4.201,24.829703303615407,3.259935410587823,0.8540921436202934,0.8542864870401428,
naive,4,,,,,BT,CRO,10000,4.201,20.798514001136752,2.8562491989243117,0.8777807951757802,0.8788794714649323,
naive,5,,,,,BT,CRO,10000,4.201,20.697088605228142,2.520415348487613,0.8783768056040374,0.8785979899013486,
naive,3,,,,,BT,BBO,10000,13.988,91.63982917175115,5.845207594686496,0.7626248907042558,0.7638910833261244,
naive,4,,,,,BT,BBO,10000,13.988,63.3977242540023,4.460290096863247,0.8357805567741688,0.8372788273979801,
naive,5,,,,,BT,BBO,10000,13.988,52.07746673140902,4.0150055066921055,0.8651034766330143,0.8659106531931218,
naive,3,,,,,BT,ACO,10000,47.785,78.65199837834484,6.342206092434944,0.36879072405415847,0.3707368615990225,
naive,4,,,,,BT,ACO,10000,47.785,64.27324977874355,5.933344778910701,0.4841851155469562,0.48742446110929205,
naive,5,,,,,BT,ACO,10000,47.785,57.29935646417787,5.242910689207677,0.5401530024458419,0.5470841623511823,
naive,3,,,,,BT,BRO,10000,8.919,25.124495625231898,4.044516773699024,0.2937074707147054,0.29545036852281825,
naive,4,,,,,BT,BRO,10000,8.919,23.475696789318803,3.8510889665407713,0.3400580250689268,0.34352959831416274,
naive,5,,,,,BT,BRO,10000,8.919,22.96934908155009,3.8046858843200404,0.3542923248754718,0.35545513219279323,
naive,3,,,,,BT,PSO,10000,8.402,44.334376681581794,5.445871815305557,0.6997032401861005,0.7115289017124586,
naive,4,,,,,BT,PSO,10000,8.402,34.07877074041371,4.567953227600883,0.7691690918474455,0.7717192797616352,
naive,5,,,,,BT,PSO,10000,8.402,27.055412416723392,4.1799693313010415,0.8167414703374849,0.820576348259965,
naive,3,,,,,SAT_S,CRO,10000,0.735,6.094095964041463,1.9328056804116993,0.42049046299564585,0.4271124317370032,
naive,4,,,,,SAT_S,CRO,10000,0.735,7.029852176843828,1.7441590832490734,0.33150603399587353,0.33158839917745286,
naive,5,,,,,SAT_S,CRO,10000,0.735,6.151489885047408,1.4990730846022877,0.41503266830628194,0.4171150650900066,
naive,3,,,,,SAT_S,BBO,10000,1.635,10.432631676524888,2.447183098591548,0.3370960697473939,0.33900757160906514,
naive,4,,,,,SAT_S,BBO,10000,1.635,8.518400349879212,2.117510014758591,0.4587289912566834,0.45947828007680447,
naive,5,,,,,SAT_S,BBO,10000,1.635,10.140774960010665,2.2446236559139794,0.35564105153595305,0.35663971738586375,
naive,3,,,,,SAT_S,ACO,10000,3.619,6.299971561029307,1.850694724469006,0.22685349009368116,0.25020693408549066,
naive,4,,,,,SAT_S,ACO,10000,3.619,6.958804404477444,1.8136954716458842,0.1460000594727403,0.18531198282163064,
naive,5,,,,,SAT_S,ACO,10000,3.619,7.5659845541629,1.8860937156979674,0.07148556221411961,0.10732458733003525,
naive,3,,,,,SAT_S,BRO,10000,1.351,6.906404497895985,2.0500569109299716,0.3489842118264217,0.3506939852894415,
naive,4,,,,,SAT_S,BRO,10000,1.351,5.812652396598803,1.9052025381443942,0.45208415138388847,0.455840340650269,
naive,5,,,,,SAT_S,BRO,10000,1.351,5.009674641978462,1.8054479056607695,0.527774938966525,0.5304019843241352,
naive,3,,,,,SAT_S,PSO,10000,1.161,3.1117167114549202,1.4902794973788887,0.6000061694160027,0.6001336004685096,
naive,4,,,,,SAT_S,PSO,10000,1.161,2.4057567313649564,1.3646067941346582,0.6907533880287012,0.6907754319799234,
naive,5,,,,,SAT_S,PSO,10000,1.161,4.250345230378652,1.6692067736185383,0.45364182293809385,0.45389151234553726,
naive,3,,,,,SAT_M,CRO,10000,1.368,41.10118010691286,4.281081978450401,0.22684529598906955,0.23234911062957908,
naive,4,,,,,SAT_M,CRO,10000,1.368,30.898594428742093,3.5869868273377037,0.4187662357195946,0.4193059406109473,
naive,5,,,,,SAT_M,CRO,10000,1.368,24.410132987037912,3.1794892802736325,0.5408207478381745,0.5421508730478455,
naive,3,,,,,SAT_M,BBO,10000,3.483,38.17080979301667,4.043802454365833,0.490048307661777,0.49589988972870713,
naive,4,,,,,SAT_M,BBO,10000,3.483,20.523540849483734,3.15739361244179,0.7258110465636065,0.7270995828316428,
naive,5,,,,,SAT_M,BBO,10000,3.483,22.925329946733648,3.202099305027401,0.693723793989621,0.6979312280477933,
naive,3,,,,,SAT_M,ACO,10000,8.427,11.792164278291486,2.712811652236652,0.8080005816190392,0.8127506749691329,
naive,4,,,,,SAT_M,ACO,10000,8.427,13.488694076282153,2.61050512002084,0.7803777698269896,0.7864925040996358,
naive,5,,,,,SAT_M,ACO,10000,8.427,13.63660675015092,2.5491375569807824,0.7779694632020339,0.7847326738452243,
naive,3,,,,,SAT_M,BRO,10000,2.523,14.426708414044656,2.929911620468472,0.5034807859553876,0.503490721139421,
naive,4,,,,,SAT_M,BRO,10000,2.523,12.554260888262563,2.676490985319736,0.5679241882311291,0.5679772223249083,
naive,5,,,,,SAT_M,BRO,10000,2.523,10.589975803500893,2.4661946909441865,0.6355283331583214,0.635677765619161,
naive,3,,,,,SAT_M,PSO,10000,2.367,11.184453580040483,2.4511762543204982,0.7073876482063703,0.7076820553605374,
naive,4,,,,,SAT_M,PSO,10000,2.367,12.741376283022536,2.6094165590250635,0.666654785360618,0.6669809603198771,
naive,5,,,,,SAT_M,PSO,10000,2.367,12.251690828596761,2.4850403689105764,0.6794661410011266,0.6795223356911986,
naive,3,,,,,SAT_L,CRO,10000,2.763,47.8291139828939,3.8813320958813042,0.6488215127316274,0.6511614807412229,
naive,4,,,,,SAT_L,CRO,10000,2.763,45.353332351943315,3.5931583686987087,0.6669995882919442,0.6740416113658253,
naive,5,,,,,SAT_L,CRO,10000,2.763,37.55818422707342,3.346419152567966,0.7242343580496229,0.7304329654508348,
naive,3,,,,,SAT_L,BBO,10000,6.997,65.58120677066908,5.659470836146276,0.6926445924182941,0.692835266850943,
naive,4,,,,,SAT_L,BBO,10000,6.997,55.14277025129845,5.0107471204851,0.7415657707391821,0.7441662807034604,
naive,5,,,,,SAT_L,BBO,10000,6.997,55.4475790431971,5.089514936015611,0.740137242124329,0.7482257307100384,
naive,3,,,,,SAT_L,ACO,10000,16.806,55.20702339419843,5.648106349572138,0.712529198615422,0.7143226513195184,
naive,4,,,,,SAT_L,ACO,10000,16.806,50.306377105640024,5.547926366599833,0.7380475589482177,0.7426897579426235,
naive,5,,,,,SAT_L,ACO,10000,16.806,44.66252561416854,4.930927095613825,0.7674358941888993,0.7711196011971848,
naive,3,,,,,SAT_L,BRO,10000,5.004,15.4198205273943,2.6304393129972374,0.7133717346117046,0.7134220019218561,
naive,4,,,,,SAT_L,BRO,10000,5.004,16.050926560480224,2.637963131201134,0.7016405457033681,0.7017117510178668,
naive,5,,,,,SAT_L,BRO,10000,5.004,15.020027460646249,2.678169305427016,0.720803208475663,0.7208484997831782,
naive,3,,,,,SAT_L,PSO,10000,4.89,26.27420724327321,3.991240278141875,0.6302049799522481,0.633405692415306,
naive,4,,,,,SAT_L,PSO,10000,4.89,21.332853838536032,3.524501219059165,0.6997518121154007,0.6999782502403427,
naive,5,,,,,SAT_L,PSO,10000,4.89,21.045694920196613,3.5197461954512805,0.7037934159963857,0.7047143174815753,
naive,3,,,,,GC_S,CRO,10000,1.406,388.9444307486156,13.763872781389317,0.7398067458205426,0.7414875451354651,
naive,4,,,,,GC_S,CRO,10000,1.406,290.49762768569485,10.097163931089032,0.8056649816698207,0.8066859546677059,
naive,5,,,,,GC_S,CRO,10000,1.406,245.05139226920056,8.949047348939684,0.8360672781121781,0.8362658696415779,
naive,3,,,,,GC_S,BBO,10000,7.158,492.9365534724194,14.803006205772055,0.7856704728424276,0.7897192261290102,
naive,4,,,,,GC_S,BBO,10000,7.158,427.2389596819442,11.180927529550281,0.8142358817440636,0.8170620530457515,
naive,5,,,,,GC_S,BBO,10000,7.158,418.58413066413135,10.25553558569899,0.817999013932071,0.8222363376058394,
naive,3,,,,,GC_S,ACO,10000,31.031,610.5268362241575,19.334005008063833,0.4259244361479657,0.42804519359033066,
naive,4,,,,,GC_S,ACO,10000,31.031,554.3568848567305,18.29888480392157,0.47874078194895164,0.48165299176260057,
naive,5,,,,,GC_S,ACO,10000,31.031,515.4882315403835,17.21203696630167,0.5152887971136095,0.5154344627272436,
naive,3,,,,,GC_S,BRO,10000,2.811,11047.946875798449,81.62943391263649,0.5630695438724755,0.5652048502494488,
naive,4,,,,,GC_S,BRO,10000,2.811,9442.957712300919,74.66814004082866,0.6265445637264271,0.6285483026353564,
naive,5,,,,,GC_S,BRO,10000,2.811,8153.236996161839,68.85027509721024,0.6775511685838604,0.6801569528038582,
naive,3,,,,,GC_S,PSO,10000,2.561,689.5581437377928,17.30578147624024,0.6949989767360791,0.6952968396865407,
naive,4,,,,,GC_S,PSO,10000,2.561,509.33774869601484,15.221435470094644,0.7747129289240935,0.7748189525159734,
naive,5,,,,,GC_S,PSO,10000,2.561,521.252747951149,14.725999543486553,0.7694427613566336,0.7703115929328999,
naive,3,,,,,GC_L,CRO,10000,0.967,127.15220355916556,6.849315764821388,0.6598372829121137,0.6640745494031459,
naive,4,,,,,GC_L,CRO,10000,0.967,110.96175983463877,6.038067454143601,0.7031506127171365,0.7100958532001578,
naive,5,,,,,GC_L,CRO,10000,0.967,143.79577002648156,6.4171254160769635,0.615311740820972,0.6222536312512084,
naive,3,,,,,GC_L,BBO,10000,4.486,90.6802484161297,7.18318443387842,0.83708536779982,0.8371157688464337,
naive,4,,,,,GC_L,BBO,10000,4.486,76.55384880229407,6.170725080594211,0.8624646233444204,0.863293429797682,
naive,5,,,,,GC_L,BBO,10000,4.486,80.28695370127193,5.900661429577763,0.8557577889212199,0.8561183387333954,
naive,3,,,,,GC_L,ACO,10000,19.519,148.09137471031067,9.435495113952651,0.2874403812869619,0.31463161025516095,
naive,4,,,,,GC_L,ACO,10000,19.519,137.1140002099833,8.910052515790223,0.3402593506815307,0.3524795534918095,
naive,5,,,,,GC_L,ACO,10000,19.519,169.80527701105635,9.591612849809572,0.18296130561859192,0.19409600318969045,
naive,3,,,,,GC_L,BRO,10000,1.87,2677.6658315917566,39.47728645077917,0.5674592078765832,0.5675904293031611,
naive,4,,,,,GC_L,BRO,10000,1.87,2242.8290208011813,35.78939466269506,0.6377012285069049,0.637785831619534,
naive,5,,,,,GC_L,BRO,10000,1.87,1903.5190686944457,33.08405333156115,0.6925121738190615,0.692618930693619,
naive,3,,,,,GC_L,PSO,10000,1.53,119.68762622142293,8.308272935083203,0.6484371919402403,0.6630421265505189,
naive,4,,,,,GC_L,PSO,10000,1.53,109.11334452138642,7.79006519533072,0.6794974133268883,0.6932771308426056,
naive,5,,,,,GC_L,PSO,10000,1.53,107.71271896237845,7.608558089444664,0.6836115216111829,0.6994045009359295,
naive,3,,,,,BT,CRO,10000,4.291,57.376658766995426,4.688472864944949,0.6793938032030866,0.6942158949613142,
naive,4,,,,,BT,CRO,10000,4.291,33.55471034528321,3.984347767107499,0.8125048007394342,0.8180965305388629,
naive,5,,,,,BT,CRO,10000,4.291,30.85967613938318,3.188069457314216,0.8275639674033568,0.8304540918666233,
naive,3,,,,,BT,BBO,10000,14.479,47.47698948861272,4.655096289398801,0.8550928586932074,0.8550944320904859,
naive,4,,,,,BT,BBO,10000,14.479,44.46181222864406,4.159155815689259,0.8642956477070328,0.8645974141913826,
naive,5,,,,,BT,BBO,10000,14.479,35.9914414023182,3.2362520759824194,0.8901485342415871,0.8905110722303168,
naive,3,,,,,BT,ACO,10000,43.624,57.266070827216225,6.321142489578302,0.6757040390668769,0.6757726276668026,
naive,4,,,,,BT,ACO,10000,43.624,49.279023350550794,5.589342105338985,0.7209344381329972,0.7221431105812397,
naive,5,,,,,BT,ACO,10000,43.624,48.554060251017745,5.456177235045371,0.7250398814017256,0.7253474540510807,
naive,3,,,,,BT,BRO,10000,7.876,22.232442582373146,3.701609588309476,0.25018743425994683,0.2501877025556717,
naive,4,,,,,BT,BRO,10000,7.876,20.638785618025345,3.5423200938361257,0.30393519557406046,0.30393700699261017,
naive,5,,,,,BT,BRO,10000,7.876,19.713596334063862,3.453374265693959,0.335138179602112,0.3351440850097297,
naive,3,,,,,BT,PSO,10000,7.632,66.65128279595514,5.748393039968298,0.7035062262145303,0.7038827214280928,
naive,4,,,,,BT,PSO,10000,7.632,56.797033750275105,5.3547633562229,0.7473421940280838,0.7473567644027231,
naive,5,,,,,BT,PSO,10000,7.632,49.68251780947593,4.893302621688731,0.7789906423618109,0.7802461327634864,
naive,3,,,,,SAT_S,CRO,10000,0.796,7.355019925159236,2.0277979066022542,0.5994240282817966,0.6485455882030681,
naive,4,,,,,SAT_S,CRO,10000,0.796,8.664951702221344,2.1637928153717625,0.5280812991225895,0.6410532673719224,
naive,5,,,,,SAT_S,CRO,10000,0.796,8.974449003165804,2.274908424908425,0.511225167754964,0.626534399731496,
naive,3,,,,,SAT_S,BBO,10000,1.555,4.212848476394722,1.5991096866096863,0.5569381136567753,0.5620641024399765,
naive,4,,,,,SAT_S,BBO,10000,1.555,4.793687594076933,1.612031805817117,0.49585173075357425,0.49750134691063963,
naive,5,,,,,SAT_S,BBO,10000,1.555,4.151119184979665,1.4946360153256701,0.5634301335929851,0.5782724858430577,
naive,3,,,,,SAT_S,ACO,10000,3.459,7.696009694920376,1.8887666609706084,0.2277724060387062,0.24819156271751752,
naive,4,,,,,SAT_S,ACO,10000,3.459,5.7755070150336225,1.6016061980347702,0.42047813569287196,0.43679301124481906,
naive,5,,,,,SAT_S,ACO,10000,3.459,7.027015986598711,1.6179646440515993,0.2949001023685933,0.3351627319572563,
naive,3,,,,,SAT_S,BRO,10000,1.147,4.721546480334089,1.7025809701396357,0.5917258001782866,0.5924074318934895,
naive,4,,,,,SAT_S,BRO,10000,1.147,5.179146169472031,1.764209136870967,0.5521569538903985,0.5594923010952135,
naive,5,,,,,SAT_S,BRO,10000,1.147,5.326257048347506,1.7797888672888669,0.5394362115217448,0.5484325298855321,
naive,3,,,,,SAT_S,PSO,10000,1.131,2.186006966456734,1.2753902302289397,0.45746128769411354,0.47275039322256784,
naive,4,,,,,SAT_S,PSO,10000,1.131,1.4944855186307486,0.9606589356589357,0.6290879849518681,0.6327158533094791,
naive,5,,,,,SAT_S,PSO,10000,1.131,2.1926473248079903,1.2384813384813391,0.4558132364644417,0.4562146241542797,
naive,3,,,,,SAT_M,CRO,10000,1.257,24.555881644824282,3.2184641182094484,0.6205982962234611,0.6221392554201963,
naive,4,,,,,SAT_M,CRO,10000,1.257,14.789081483696654,2.724088134088133,0.7715006614968263,0.773653001374801,
naive,5,,,,,SAT_M,CRO,10000,1.257,10.238995437710447,2.233080808080808,0.8418019613298495,0.8431866171530442,
naive,3,,,,,SAT_M,BBO,10000,3.385,12.954144402773704,2.8869425228800214,0.6858243945729329,0.7656489824943499,
naive,4,,,,,SAT_M,BBO,10000,3.385,11.0045604681798,2.620042945906433,0.7331074642946795,0.7645270758137255,
naive,5,,,,,SAT_M,BBO,10000,3.385,12.064452245027617,2.6291659107402032,0.7074020120220437,0.7320174012696816,
naive,3,,,,,SAT_M,ACO,10000,8.212,20.86117686116488,3.2421582061538907,0.4962054141743505,0.499986491575502,
naive,4,,,,,SAT_M,ACO,10000,8.212,14.669398527250678,2.6488134905846525,0.645736019375516,0.6503380944015069,
naive,5,,,,,SAT_M,ACO,10000,8.212,14.476428221722653,2.5420459678661262,0.6503962260262309,0.6538990157605334,
naive,3,,,,,SAT_M,BRO,10000,2.505,15.532302824853451,3.0476042530623952,0.48827622150494343,0.4894133258986094,
naive,4,,,,,SAT_M,BRO,10000,2.505,13.25410988280902,2.785618991429751,0.5633330571583357,0.5639290768455694,
naive,5,,,,,SAT_M,BRO,10000,2.505,11.228712664221606,2.532220107932997,0.6300613413887011,0.6306398089210719,
naive,3,,,,,SAT_M,PSO,10000,2.315,9.54442639318094,2.2957680037937402,0.5620715658054816,0.5747280846450917,
naive,4,,,,,SAT_M,PSO,10000,2.315,9.358224416814256,2.231818308874911,0.5706151007016641,0.5798738602332107,
naive,5,,,,,SAT_M,PSO,10000,2.315,8.077359446791084,2.0639035836348265,0.6293852318367958,0.6334872274328551,
naive,3,,,,,SAT_L,CRO,10000,2.569,24.573895875281924,3.421184519005345,0.786531515431217,0.786629581014316,
naive,4,,,,,SAT_L,CRO,10000,2.569,26.634514250124347,3.4851068232355558,0.7686313385937845,0.7699910547679386,
naive,5,,,,,SAT_L,CRO,10000,2.569,22.218853762569378,2.817537782063274,0.8069892919859752,0.8100333717090331,
naive,3,,,,,SAT_L,BBO,10000,6.848,56.26574027406834,5.686342432217049,0.6881674726706819,0.6887921521683885,
naive,4,,,,,SAT_L,BBO,10000,6.848,46.13866362588911,5.230390649648153,0.7442931344015538,0.7450317540480176,
naive,5,,,,,SAT_L,BBO,10000,6.848,35.15770182191771,4.684503551190098,0.8051511459581395,0.8057672330612449,
naive,3,,,,,SAT_L,ACO,10000,16.376,55.04160631769397,5.0999894935326795,0.6240162476682924,0.6272621416436174,
naive,4,,,,,SAT_L,ACO,10000,16.376,46.19420005366093,4.767449353336227,0.6844520021474426,0.6877595856965958,
naive,5,,,,,SAT_L,ACO,10000,16.376,47.044473058708554,4.428042214134504,0.6786438716016341,0.6846932556825294,
naive,3,,,,,SAT_L,BRO,10000,4.923,19.72771505593715,3.2152071861466887,0.5520801380822797,0.552125376196613,
naive,4,,,,,SAT_L,BRO,10000,4.923,16.7627116279346,2.9840266745252007,0.6194008552708006,0.6194687938192305,
naive,5,,,,,SAT_L,BRO,10000,4.923,18.15873158471357,2.998923647831392,0.5877040741432451,0.5886776305426242,
naive,3,,,,,SAT_L,PSO,10000,4.656,14.978047616407553,3.156523744445652,0.7573199695076763,0.7641147749728855,
naive,4,,,,,SAT_L,PSO,10000,4.656,17.38147152508837,2.9992578921962982,0.7183787802163757,0.7199382158468993,
naive,5,,,,,SAT_L,PSO,10000,4.656,16.868248033845454,2.9062744273002425,0.7266942226354378,0.728428476384734,
naive,3,,,,,GC_S,CRO,10000,1.455,142.30676520858916,9.07710627006673,0.8518763520535275,0.8518763734765625,
naive,4,,,,,GC_S,CRO,10000,1.455,122.69778362130377,7.591586602984044,0.8722868636758422,0.872322242208608,
naive,5,,,,,GC_S,CRO,10000,1.455,139.33820673123316,7.4988107339810375,0.8549662523134616,0.8558853876937811,
naive,3,,,,,GC_S,BBO,10000,6.803,373.1240882534827,14.540630273694973,0.7996519258643016,0.8025986283224663,
naive,4,,,,,GC_S,BBO,10000,6.803,324.1165402289838,12.652670926895372,0.825966409903056,0.8265467281087325,
naive,5,,,,,GC_S,BBO,10000,6.803,262.4811939958673,10.750928318293713,0.8590613595598653,0.859308613876635,
naive,3,,,,,GC_S,ACO,10000,29.039,714.5852372450081,20.133599156326426,0.4270686840050322,0.4296506251406509,
naive,4,,,,,GC_S,ACO,10000,29.039,617.3014527540615,19.423247562186493,0.5050676738641783,0.5064744997014607,
naive,5,,,,,GC_S,ACO,10000,29.039,631.1966916738678,19.47519830007937,0.493926921011402,0.4939775246853805,
naive,3,,,,,GC_S,BRO,10000,2.522,7471.318924998217,66.69227325905503,0.6189657326469283,0.6196569678652639,
naive,4,,,,,GC_S,BRO,10000,2.522,5860.953244105248,58.84244971684425,0.7010937362229139,0.701397337047601,
naive,5,,,,,GC_S,BRO,10000,2.522,4898.2329432687375,54.2981242092813,0.7501920852798385,0.7505087611292421,
naive,3,,,,,GC_S,PSO,10000,2.209,373.68563624110385,15.086168548237513,0.4443844567093648,0.4446589387991382,
naive,4,,,,,GC_S,PSO,10000,2.209,363.15113346821266,14.648942066705223,0.4600477118998323,0.4602934255938721,
naive,5,,,,,GC_S,PSO,10000,2.209,369.49883062612207,14.683751281613118,0.45060962045882047,0.45767325954937577,
naive,3,,,,,GC_L,CRO,10000,0.937,101.08536783475961,6.795652709283102,0.7098489407670847,0.7102061306269527,
naive,4,,,,,GC_L,CRO,10000,0.937,85.36705880538416,5.845420358447069,0.7549660938418874,0.7573626678614045,
naive,5,,,,,GC_L,CRO,10000,0.937,79.30766717100306,5.273504920694747,0.7723587090015482,0.777226335063633,
naive,3,,,,,GC_L,BBO,10000,4.067,183.77729568163127,9.794390440813215,0.7437705229293863,0.7438664184214023,
naive,4,,,,,GC_L,BBO,10000,4.067,171.37175981660997,9.128270903905321,0.7610668051261911,0.7635163595849515,
naive,5,,,,,GC_L,BBO,10000,4.067,143.66713367026253,8.165065593533258,0.7996936760004533,0.8052588802264874,
naive,3,,,,,GC_L,ACO,10000,16.967,108.17462641571535,8.112437992779094,-0.035814539834033265,-0.035597052947293095,
naive,4,,,,,GC_L,ACO,10000,16.967,84.7317008982168,7.417037261480224,0.18866068057443375,0.1888720686891575,
naive,5,,,,,GC_L,ACO,10000,16.967,80.38477947318938,7.079892141756547,0.2302841607263868,0.25482975270545005,
naive,3,,,,,GC_L,BRO,10000,1.706,2647.830134829093,40.67675938686118,0.597019696648774,0.5973643535656576,
naive,4,,,,,GC_L,BRO,10000,1.706,2231.0746716511603,37.07282558225396,0.6604468178849949,0.6609851647033943,
naive,5,,,,,GC_L,BRO,10000,1.706,1850.6417870234761,33.36783849872264,0.7183459093846623,0.7185751979557162,
naive,3,,,,,GC_L,PSO,10000,1.483,122.69435755792605,8.31367248572479,0.7219846954211788,0.7229908822738929,
naive,4,,,,,GC_L,PSO,10000,1.483,128.25986286295856,8.52130858981261,0.7093737189809366,0.7093821655842372,
naive,5,,,,,GC_L,PSO,10000,1.483,121.54813243568242,8.154962563159286,0.7245819471026671,0.7246345262736351,
naive,3,,,,,BT,CRO,10000,4.072,19.222749285681193,3.289176518694366,0.8920684740551974,0.8964251788144979,
naive,4,,,,,BT,CRO,10000,4.072,20.55937732904538,3.292671867992038,0.884563600418398,0.8882258800791383,
naive,5,,,,,BT,CRO,10000,4.072,13.95028385664966,2.646543725615024,0.9216722123545094,0.9261043808965457,
naive,3,,,,,BT,BBO,10000,13.774,57.51582502161251,4.886887579797037,0.8399644763325235,0.8422496936093093,
naive,4,,,,,BT,BBO,10000,13.774,48.16262394184424,3.824127564601287,0.86598939090526,0.8695558411736634,
naive,5,,,,,BT,BBO,10000,13.774,40.645457614562496,3.301989549901746,0.8869056109061032,0.8896360182319634,
naive,3,,,,,BT,ACO,10000,42.4,52.93298122067586,5.834479699183279,0.5517056532729454,0.5644101219749822,
naive,4,,,,,BT,ACO,10000,42.4,42.58369780104068,5.301169215117936,0.6393546982106653,0.6511603264014731,
naive,5,,,,,BT,ACO,10000,42.4,56.70596849207904,5.579846196553618,0.519751872755809,0.5326313335090112,
naive,3,,,,,BT,BRO,10000,7.805,12.646671363596305,2.6347072421427646,0.4596219887815477,0.4597555167531222,
naive,4,,,,,BT,BRO,10000,7.805,11.84815004825067,2.4583177841654096,0.493741904441261,0.4947990024956791,
naive,5,,,,,BT,BRO,10000,7.805,11.876888897144033,2.414697849159651,0.4925139258243416,0.4939822091661277,
naive,3,,,,,BT,PSO,10000,7.8,57.98637212967137,5.7403471445268845,0.6818186752424187,0.6832372342492334,
naive,4,,,,,BT,PSO,10000,7.8,49.65017934574526,4.961750210931341,0.7275608171631575,0.7284566894163087,
naive,5,,,,,BT,PSO,10000,7.8,35.79528114728557,4.3368012306308295,0.8035850570191906,0.8045615244780201,
ps,3,5000.0,100.0,False,simplicity variance,SAT_L,ACO,10000,110.17,41.536704226721795,4.314492183943179,0.7022863840236653,0.7030113761528397,
ps,3,5000.0,100.0,False,simplicity variance estimated_atomicity,SAT_L,ACO,10000,117.857,52.75482820729791,4.757960509827995,0.6588683757517477,0.658940078459602,
ps,4,5000.0,100.0,False,simplicity variance,SAT_L,ACO,10000,180.285,27.322291109447836,3.712370036847658,0.853630316633637,0.8545305567063803,
ps,4,5000.0,100.0,False,simplicity variance estimated_atomicity,SAT_L,ACO,10000,178.176,41.332032385409065,4.378013309324656,0.7671903320123754,0.7676020096498364,
ps,5,5000.0,100.0,False,simplicity variance,SAT_L,ACO,10000,307.308,18.27805924430088,3.090367985947986,0.8931726838601124,0.8951148643466844,
ps,5,5000.0,100.0,False,simplicity variance estimated_atomicity,SAT_L,ACO,10000,268.752,37.68613027764006,4.5282245012805244,0.7539800621982511,0.7589727121035021,
ps,3,5000.0,100.0,False,simplicity variance,SAT_L,BBO,10000,80.813,12.956163598571887,2.7030337188536873,0.9189113543900229,0.9209838227873348,
ps,3,5000.0,100.0,False,simplicity variance estimated_atomicity,SAT_L,BBO,10000,82.364,40.65265603413328,4.687908985028452,0.7341868037353443,0.7376126183898227,
ps,4,5000.0,100.0,False,simplicity variance,SAT_L,BBO,10000,156.791,10.19906368807986,2.198891937857626,0.941841051324069,0.9421726116115965,
ps,4,5000.0,100.0,False,simplicity variance estimated_atomicity,SAT_L,BBO,10000,151.756,27.035083571801543,3.507644415210206,0.8256187304595871,0.8288232212452198,
ps,5,5000.0,100.0,False,simplicity variance,SAT_L,BBO,10000,283.132,28.34546347362642,3.3698534212167828,0.8488730876436754,0.8489339807418357,
ps,5,5000.0,100.0,False,simplicity variance estimated_atomicity,SAT_L,BBO,10000,244.572,38.92502370108334,4.297307861560818,0.7904834923746027,0.7908722559942609,
ps,3,5000.0,100.0,False,simplicity variance,SAT_L,BRO,10000,71.584,32.6363332599701,4.291300071588057,0.43142176308940083,0.4532838991580288,
ps,3,5000.0,100.0,False,simplicity variance estimated_atomicity,SAT_L,BRO,10000,94.421,19.983396830548447,3.4236567765281216,0.690808087174063,0.6908159016862614,
ps,4,5000.0,100.0,False,simplicity variance,SAT_L,BRO,10000,137.487,13.793292175357994,2.696160168046536,0.7309189792484589,0.7309492042922014,
ps,4,5000.0,100.0,False,simplicity variance estimated_atomicity,SAT_L,BRO,10000,134.094,19.46543242630304,2.940949248851515,0.5658300331606749,0.5671280193301724,
ps,5,5000.0,100.0,False,simplicity variance,SAT_L,BRO,10000,207.997,9.835072123075545,2.2384947006439493,0.8383461188120853,0.8384907793789762,
ps,5,5000.0,100.0,False,simplicity variance estimated_atomicity,SAT_L,BRO,10000,249.402,8.158508329635158,1.9514973531982314,0.8387759383853493,0.8387984335512194,
ps,3,5000.0,100.0,False,simplicity variance,SAT_L,CRO,10000,68.067,17.190160135506503,2.9736643401301857,0.8810487085312186,0.8853480872974496,
ps,3,5000.0,100.0,False,simplicity variance estimated_atomicity,SAT_L,CRO,10000,67.592,25.7255569188649,3.239408807939386,0.7287444036617162,0.7311190810520669,
ps,4,5000.0,100.0,False,simplicity variance,SAT_L,CRO,10000,133.816,11.160492309124459,2.3531163412239375,0.9231704276378131,0.9233745483413703,
ps,4,5000.0,100.0,False,simplicity variance estimated_atomicity,SAT_L,CRO,10000,128.425,33.16121531592049,3.362995147280861,0.7555943860020211,0.7555963025562352,
ps,5,5000.0,100.0,False,simplicity variance,SAT_L,CRO,10000,248.843,15.320830010113365,2.3918786459709076,0.9208667242982445,0.9225114663313342,
ps,5,5000.0,100.0,False,simplicity variance estimated_atomicity,SAT_L,CRO,10000,237.177,13.107856626357673,2.2361622988577543,0.9143595736252516,0.9148263487553197,
ps,3,5000.0,100.0,False,simplicity variance,SAT_L,PSO,10000,73.018,22.725409064619736,3.551626509645895,0.7125647140433918,0.7126543037228602,
ps,3,5000.0,100.0,False,simplicity variance estimated_atomicity,SAT_L,PSO,10000,74.0,21.42305586714427,3.5731028759600223,0.7070594330245877,0.7097128760438045,
ps,4,5000.0,100.0,False,simplicity variance,SAT_L,PSO,10000,139.724,12.953235655484779,2.6427762583687553,0.7566802640235086,0.7567872112935394,
ps,4,5000.0,100.0,False,simplicity variance estimated_atomicity,SAT_L,PSO,10000,139.533,16.3973116709046,2.9797007346026927,0.7450346320848239,0.7450580232811029,
ps,5,5000.0,100.0,False,simplicity variance,SAT_L,PSO,10000,256.736,16.51955271537748,2.909644589810181,0.7790741713932245,0.7807878051988817,
ps,5,5000.0,100.0,False,simplicity variance estimated_atomicity,SAT_L,PSO,10000,255.053,16.1283560158157,2.9736312753099927,0.8715129004811333,0.8721235837894786,
ps,3,5000.0,100.0,False,simplicity variance,SAT_M,ACO,10000,93.214,10.530540555435627,2.320880853079403,0.8084219841949373,0.8109063393770608,
ps,3,5000.0,100.0,False,simplicity variance estimated_atomicity,SAT_M,ACO,10000,86.735,5.3206381831444505,1.5694287841177266,0.8830444932551436,0.8830457956291567,
ps,4,5000.0,100.0,False,simplicity variance,SAT_M,ACO,10000,212.688,8.057886204271677,1.7619998735300453,0.8270179948515287,0.8293534485548945,
ps,4,5000.0,100.0,False,simplicity variance estimated_atomicity,SAT_M,ACO,10000,209.374,9.378165301912746,1.9451776696562857,0.7676412211736685,0.768457970165443,
ps,5,5000.0,100.0,False,simplicity variance,SAT_M,ACO,10000,328.673,7.724699236303171,1.7358915079798334,0.8102097656888338,0.8129164396262094,
ps,5,5000.0,100.0,False,simplicity variance estimated_atomicity,SAT_M,ACO,10000,260.751,16.728168014850574,2.4594735406308006,0.6805916658881201,0.6813171107263218,
ps,3,5000.0,100.0,False,simplicity variance,SAT_M,BBO,10000,68.137,23.125540298994483,3.491124708624708,0.5194415546272215,0.5200609747944456,
ps,3,5000.0,100.0,False,simplicity variance estimated_atomicity,SAT_M,BBO,10000,64.938,12.853687031892422,2.6921335677947313,0.7240924750754445,0.72990785235793,
ps,4,5000.0,100.0,False,simplicity variance,SAT_M,BBO,10000,131.062,23.068803879596945,3.2478814033324084,0.6736897577610155,0.6812042859789329,
ps,4,5000.0,100.0,False,simplicity variance estimated_atomicity,SAT_M,BBO,10000,121.828,11.21392008348128,2.2454207264511026,0.7898651818496408,0.7899073895274129,
ps,5,5000.0,100.0,False,simplicity variance,SAT_M,BBO,10000,242.159,12.1021234577259,2.5767002415715927,0.7801295968923012,0.7804929783605223,
ps,5,5000.0,100.0,False,simplicity variance estimated_atomicity,SAT_M,BBO,10000,231.807,19.20249040603857,3.014141969141969,0.6848247493706132,0.7018426994750835,
ps,3,5000.0,100.0,False,simplicity variance,SAT_M,BRO,10000,78.902,10.180799822960502,2.5016154787347697,0.6470627442213166,0.6474198096705865,
ps,3,5000.0,100.0,False,simplicity variance estimated_atomicity,SAT_M,BRO,10000,89.349,9.001179597049067,2.3188946464063016,0.5249160401773633,0.5254807205692795,
ps,4,5000.0,100.0,False,simplicity variance,SAT_M,BRO,10000,157.624,9.313138071532764,2.2936730595886017,0.7106678199617443,0.7106774456688076,
ps,4,5000.0,100.0,False,simplicity variance estimated_atomicity,SAT_M,BRO,10000,150.824,7.399526138599676,2.030013463221787,0.6654524155090175,0.6672905586901052,
ps,5,5000.0,100.0,False,simplicity variance,SAT_M,BRO,10000,309.249,7.816835921446909,2.0174847377275746,0.5861255463065131,0.5867452561969948,
ps,5,5000.0,100.0,False,simplicity variance estimated_atomicity,SAT_M,BRO,10000,273.628,8.3660655108433,2.2852223262511386,0.5972454484020231,0.5973075917741199,
ps,3,5000.0,100.0,False,simplicity variance,SAT_M,CRO,10000,66.423,6.488993341772996,1.706313219732337,0.7512841845279884,0.7578761199882126,
ps,3,5000.0,100.0,False,simplicity variance estimated_atomicity,SAT_M,CRO,10000,59.706,16.93290171385748,2.795996414896056,0.6693962160711179,0.6814266763413643,
ps,4,5000.0,100.0,False,simplicity variance,SAT_M,CRO,10000,119.319,6.015113381098456,1.6451090131033068,0.874972474923547,0.8749923777552021,
ps,4,5000.0,100.0,False,simplicity variance estimated_atomicity,SAT_M,CRO,10000,117.338,13.586407328896986,2.64532407329578,0.7609789930028279,0.7634370945101129,
ps,5,5000.0,100.0,False,simplicity variance,SAT_M,CRO,10000,250.716,11.5254903228193,2.196696900982615,0.8342332667570289,0.8388204438514871,
ps,5,5000.0,100.0,False,simplicity variance estimated_atomicity,SAT_M,CRO,10000,235.936,13.103453996497676,2.325036872820633,0.8164795610359104,0.8176268423803712,
ps,3,5000.0,100.0,False,simplicity variance,SAT_M,PSO,10000,78.691,9.835167590983305,2.3530365808641465,0.7545160394019802,0.756206473307258,
ps,3,5000.0,100.0,False,simplicity variance estimated_atomicity,SAT_M,PSO,10000,71.313,8.756080764238666,2.3893679736986018,0.5794857025311059,0.5799593522668507,
ps,4,5000.0,100.0,False,simplicity variance,SAT_M,PSO,10000,143.187,8.992117140695468,2.08294619789078,0.701916183460501,0.7019260617602301,
ps,4,5000.0,100.0,False,simplicity variance estimated_atomicity,SAT_M,PSO,10000,153.581,9.26832063954796,2.2242170401641577,0.6730614436198357,0.701167892250169,
ps,5,5000.0,100.0,False,simplicity variance,SAT_M,PSO,10000,287.836,9.213048324446802,2.284108523360167,0.7480019604910613,0.7528641654885746,
ps,5,5000.0,100.0,False,simplicity variance estimated_atomicity,SAT_M,PSO,10000,230.349,9.075089036877813,2.175482388767617,0.7389968107847137,0.7392727264010671,
ps,3,5000.0,100.0,False,simplicity variance,SAT_S,ACO,10000,106.018,3.011286503099229,1.3056140144685047,0.3676841821549932,0.37893658204119374,
ps,3,5000.0,100.0,False,simplicity variance estimated_atomicity,SAT_S,ACO,10000,66.231,4.337387737330373,1.6784844001278398,0.44371246055183666,0.5815632707848297,
ps,4,5000.0,100.0,False,simplicity variance,SAT_S,ACO,10000,138.561,3.140776829314783,1.3049566060969577,0.46301308009435704,0.46334755860455357,
ps,4,5000.0,100.0,False,simplicity variance estimated_atomicity,SAT_S,ACO,10000,112.246,3.3738447332789887,1.4206439393939398,0.6351614238141131,0.6566216949664627,
ps,5,5000.0,100.0,False,simplicity variance,SAT_S,ACO,10000,194.759,2.063976228472876,1.1326261806375455,0.6909861589727408,0.6911767179751558,
ps,5,5000.0,100.0,False,simplicity variance estimated_atomicity,SAT_S,ACO,10000,196.166,2.2646224549843805,1.1897978564645235,0.6945610449351691,0.7071485390501162,
ps,3,5000.0,100.0,False,simplicity variance,SAT_S,BBO,10000,61.525,2.6611679649810207,1.260195525578653,0.6886384830735186,0.6897518453064226,
ps,3,5000.0,100.0,False,simplicity variance estimated_atomicity,SAT_S,BBO,10000,58.826,9.03051141711482,2.4252946284744907,0.2509648306708665,0.25214790227533335,
ps,4,5000.0,100.0,False,simplicity variance,SAT_S,BBO,10000,118.736,8.096021771268695,2.076101760352233,0.061260023867131363,0.06675847099094179,
ps,4,5000.0,100.0,False,simplicity variance estimated_atomicity,SAT_S,BBO,10000,95.072,8.625204074636969,2.142704517704518,0.2987272482246036,0.3038180795650607,
ps,5,5000.0,100.0,False,simplicity variance,SAT_S,BBO,10000,174.848,4.384896956251417,1.5598448250622172,0.5767458974155475,0.5889149091002006,
ps,5,5000.0,100.0,False,simplicity variance estimated_atomicity,SAT_S,BBO,10000,173.694,6.954367587309118,2.0185425685425678,0.03867652924858722,0.04058565649288215,
ps,3,5000.0,100.0,False,simplicity variance,SAT_S,BRO,10000,67.664,9.834199952805509,2.3236966381314543,0.29008210255790157,0.29267801989590314,
ps,3,5000.0,100.0,False,simplicity variance estimated_atomicity,SAT_S,BRO,10000,39.04,6.770370370370361,2.155555555555554,-0.36499402628434696,0.5335523695738745,
ps,4,5000.0,100.0,False,simplicity variance,SAT_S,BRO,10000,137.291,5.889295691490439,1.8595894785039524,0.12840596715053876,0.15480922601302916,
ps,4,5000.0,100.0,False,simplicity variance estimated_atomicity,SAT_S,BRO,10000,109.385,6.609287169193105,1.9517269666636536,0.322092466331827,0.32252808649345777,
ps,5,5000.0,100.0,False,simplicity variance,SAT_S,BRO,10000,235.59,5.623115786691345,1.7271817728701802,0.41914323447547,0.42560084012891086,
ps,5,5000.0,100.0,False,simplicity variance estimated_atomicity,SAT_S,BRO,10000,195.905,9.889372530535562,2.249564925147612,0.24179137948920815,0.25260213914952245,
ps,3,5000.0,100.0,False,simplicity variance,SAT_S,CRO,10000,57.757,4.4441062569402225,1.5575466864544494,0.5737509499904965,0.5822126324102361,
ps,3,5000.0,100.0,False,simplicity variance estimated_atomicity,SAT_S,CRO,10000,57.878,8.180964024596298,1.9788310551137513,0.4003232686728496,0.41878060859072774,
ps,4,5000.0,100.0,False,simplicity variance,SAT_S,CRO,10000,129.138,11.546646115151567,2.2667301578254033,0.4246156101455746,0.42983013417860083,
ps,4,5000.0,100.0,False,simplicity variance estimated_atomicity,SAT_S,CRO,10000,100.275,7.478258409933675,2.3237688637775116,0.34844236343960444,0.47501797275678237,
ps,5,5000.0,100.0,False,simplicity variance,SAT_S,CRO,10000,150.633,6.9775600018009944,1.969735231098868,0.6085636285822542,0.6102274142545795,
ps,5,5000.0,100.0,False,simplicity variance estimated_atomicity,SAT_S,CRO,10000,174.188,8.175545811651872,1.9728571428571429,0.5862236151349551,0.5867628263609268,
ps,3,5000.0,100.0,False,simplicity variance,SAT_S,PSO,10000,58.206,4.237602169657607,1.5522114108801421,0.27502321916172956,0.2868838108561045,
ps,3,5000.0,100.0,False,simplicity variance estimated_atomicity,SAT_S,PSO,10000,51.852,4.51651691542688,1.5540332603705316,0.48717690750307663,0.48805985339693203,
ps,4,5000.0,100.0,False,simplicity variance,SAT_S,PSO,10000,110.706,2.230949134348088,1.1452701802816223,0.5729582641148447,0.5742010471337566,
ps,4,5000.0,100.0,False,simplicity variance estimated_atomicity,SAT_S,PSO,10000,95.196,4.771299309957309,1.6639804639804618,0.1680685237216556,0.23720999217512817,
ps,5,5000.0,100.0,False,simplicity variance,SAT_S,PSO,10000,143.303,5.453433632600697,1.4596162865035178,0.25595468975180813,0.2568765717108482,
ps,5,5000.0,100.0,False,simplicity variance estimated_atomicity,SAT_S,PSO,10000,169.341,2.7470409213067946,1.4014991181657845,0.5094089094481495,0.5689539726146868,
