kind,depth,runtime_seconds,problem,pRef_method,pRef_size,mse,mae,r_sq,evs,ps_budget,ps_population,avoid_ancestors,metrics,cp
naive,3,1.004,SAT_S,CRO,10000,9.284649525469419,2.4009450643253456,0.39260481516885604,0.3998234818988773,,,,,
naive,4,1.004,SAT_S,CRO,10000,8.408765336451493,2.304180700620329,0.44990453740606373,0.4513559743468818,,,,,
naive,5,1.004,SAT_S,CRO,10000,8.477953265422927,2.1997271518878163,0.44537831217910084,0.44625512362201525,,,,,
naive,3,2.264,SAT_S,BBO,10000,4.329518053592896,1.7452361452361451,0.4532878988447746,0.46902238914712946,,,,,
naive,4,2.264,SAT_S,BBO,10000,4.385155647972965,1.6796166601566311,0.4462622332279036,0.44663089865839134,,,,,
naive,5,2.264,SAT_S,BBO,10000,4.002748637429957,1.5283391593552018,0.4945508735898395,0.49455386477057295,,,,,
naive,3,5.824,SAT_S,ACO,10000,5.366046982103068,1.7956657568619636,0.20258796172955662,0.2612668346805799,,,,,
naive,4,5.824,SAT_S,ACO,10000,5.351002976470263,1.825675031183505,0.20482354990748664,0.3140726952283195,,,,,
naive,5,5.824,SAT_S,ACO,10000,4.014892057315759,1.5628365536902131,0.40337397910645423,0.4670307729028178,,,,,
naive,3,1.993,SAT_S,BRO,10000,7.217428248055089,2.079351429000477,0.26181261926931865,0.2681736835259937,,,,,
naive,4,1.993,SAT_S,BRO,10000,6.41208445518879,1.9774843790817553,0.3441819348498215,0.34843014141613093,,,,,
naive,5,1.993,SAT_S,BRO,10000,5.329839477257735,1.786098739660032,0.4548722746925685,0.4551585565358818,,,,,
naive,3,2.029,SAT_S,PSO,10000,5.5544892146735965,1.8754172578059218,0.47662135450882537,0.4786751468363075,,,,,
naive,4,2.029,SAT_S,PSO,10000,4.111622678398027,1.6548813734158558,0.6125772460758642,0.6158876190150042,,,,,
naive,5,2.029,SAT_S,PSO,10000,3.9551604103927978,1.5526920791626675,0.6273200976206514,0.6393563577249555,,,,,
naive,3,2.09,SAT_M,CRO,10000,28.26946086442786,3.4505000570678526,0.45362179344900566,0.4551013813440301,,,,,
naive,4,2.09,SAT_M,CRO,10000,26.757673908878086,3.1817530840629678,0.4828408666185212,0.48457309008382765,,,,,
naive,5,2.09,SAT_M,CRO,10000,21.077072954909884,2.598813559322034,0.5926327220856533,0.5932731423062464,,,,,
naive,3,5.37,SAT_M,BBO,10000,26.678111432828302,3.9984329411707096,0.48155658743266916,0.49032244194489905,,,,,
naive,4,5.37,SAT_M,BBO,10000,18.52328932346343,3.3492692991513375,0.640031590953952,0.6475616683731074,,,,,
naive,5,5.37,SAT_M,BBO,10000,16.995176038102418,3.28951622892717,0.6697278559405793,0.6742788535195854,,,,,
naive,3,13.865,SAT_M,ACO,10000,22.700325913738176,3.5221604686017014,0.5837227083534747,0.5841785756722162,,,,,
naive,4,13.865,SAT_M,ACO,10000,17.44650914118136,3.019041004849935,0.680066902934551,0.6800741945316461,,,,,
naive,5,13.865,SAT_M,ACO,10000,19.109609511502775,3.0180129242606872,0.6495690624839544,0.6496165317752413,,,,,
naive,3,4.163,SAT_M,BRO,10000,12.09113640155047,2.697312760501041,0.4184319743008419,0.41991205056243774,,,,,
naive,4,4.163,SAT_M,BRO,10000,8.711186172519342,2.30943934386926,0.581003209656932,0.581199326849058,,,,,
naive,5,4.163,SAT_M,BRO,10000,6.9431720757711615,2.023698347414596,0.6660424014670806,0.6661404852119834,,,,,
naive,3,4.117,SAT_M,PSO,10000,12.320189631909674,2.5262655240903076,0.5067897941474069,0.507821717370909,,,,,
naive,4,4.117,SAT_M,PSO,10000,12.716760795789694,2.5248388040994576,0.4909139877502491,0.4997370164502437,,,,,
naive,5,4.117,SAT_M,PSO,10000,11.43315784934042,2.4100462747594005,0.5423000534169277,0.5557820897562009,,,,,
naive,3,4.344,SAT_L,CRO,10000,35.5583181650693,4.140604843767216,0.6795758244364157,0.6796464789507746,,,,,
naive,4,4.344,SAT_L,CRO,10000,23.97345529879339,3.707502246888057,0.7839696856902416,0.7843312524482643,,,,,
naive,5,4.344,SAT_L,CRO,10000,18.990097808090034,3.212448460630276,0.8288758651131436,0.8304145569359414,,,,,
naive,3,9.776,SAT_L,BBO,10000,75.44402176877308,6.509895967498939,0.653649163737182,0.6768799973282357,,,,,
naive,4,9.776,SAT_L,BBO,10000,60.619468071303196,5.402789051478198,0.7217062005966215,0.7315449219658592,,,,,
naive,5,9.776,SAT_L,BBO,10000,47.8245029360414,4.751362707789929,0.7804457371517336,0.7845822614458985,,,,,
naive,3,19.431,SAT_L,ACO,10000,68.04570682472861,6.346129065941628,0.6352491770132569,0.6369254477874067,,,,,
naive,4,19.431,SAT_L,ACO,10000,50.897536194212975,5.249254913113402,0.7271698821109163,0.7272394047457715,,,,,
naive,5,19.431,SAT_L,ACO,10000,45.666124715007676,4.875640769252711,0.7552122338104504,0.7564011147347145,,,,,
naive,3,5.186,SAT_L,BRO,10000,14.264609292933894,2.8642689716528715,0.3361248258765339,0.3366808024660084,,,,,
naive,4,5.186,SAT_L,BRO,10000,12.812454445094229,2.667096857691752,0.4037081387220771,0.40481296558505886,,,,,
naive,5,5.186,SAT_L,BRO,10000,12.772048640158946,2.613410164793521,0.4055886256135265,0.4068030492659013,,,,,
naive,3,4.829,SAT_L,PSO,10000,24.140527944714616,3.6330674107223193,0.7064456544634131,0.7140218689490914,,,,,
naive,4,4.829,SAT_L,PSO,10000,25.389449566085936,3.759771904464002,0.6912584816713441,0.697225994758861,,,,,
naive,5,4.829,SAT_L,PSO,10000,28.08157342145179,3.6944326841852466,0.6585216393671813,0.670448086548216,,,,,
naive,3,1.511,GC_S,CRO,10000,204.2495572817833,10.114346983920434,0.8261050546843505,0.8329130320736808,,,,,
naive,4,1.511,GC_S,CRO,10000,162.5189508491938,8.54180811240527,0.8616338539638153,0.8651645438184279,,,,,
naive,5,1.511,GC_S,CRO,10000,298.66681788662436,8.725093464972664,0.7457196448541543,0.7525993401790532,,,,,
naive,3,6.989,GC_S,BBO,10000,854.4739090697037,19.455658861054356,0.6173452907864434,0.6361806785892575,,,,,
naive,4,6.989,GC_S,BBO,10000,443.99938972375594,14.219308948571308,0.801166009210609,0.8125881487977797,,,,,
naive,5,6.989,GC_S,BBO,10000,465.8178287250932,12.272461294037376,0.7913951685296569,0.802788465000849,,,,,
naive,3,32.634,GC_S,ACO,10000,549.0948278634914,17.946141699325928,0.5783343370489804,0.5797730583530586,,,,,
naive,4,32.634,GC_S,ACO,10000,568.9184258025605,17.61327529956145,0.5631112277737094,0.564290430445044,,,,,
naive,5,32.634,GC_S,ACO,10000,528.9774820434021,17.551816790446264,0.5937830237449544,0.5983339587501049,,,,,
naive,3,2.775,GC_S,BRO,10000,9773.912620878336,77.9835900701653,0.5826519688682401,0.5836198864990975,,,,,
naive,4,2.775,GC_S,BRO,10000,8084.750402305929,69.94290246722124,0.6547795347191405,0.6556430868842863,,,,,
naive,5,2.775,GC_S,BRO,10000,6680.731335430696,63.1366389600012,0.7147314307469537,0.7150343694668819,,,,,
naive,3,2.351,GC_S,PSO,10000,681.9588370144999,17.871412341739386,0.7051864504829091,0.7114295092949938,,,,,
naive,4,2.351,GC_S,PSO,10000,516.5857671339098,15.901518008246766,0.7766778940713115,0.7775253164326688,,,,,
naive,5,2.351,GC_S,PSO,10000,371.96928106402487,13.287594109746726,0.8391961829516199,0.8392116736479622,,,,,
naive,3,0.913,GC_L,CRO,10000,96.46137219060611,5.635802984728332,0.6089824352148485,0.6098510543645613,,,,,
naive,4,0.913,GC_L,CRO,10000,69.29337538934944,5.198911839235872,0.7191111189363176,0.7191678729730557,,,,,
naive,5,0.913,GC_L,CRO,10000,103.4951643215605,5.208248101105246,0.5804701280830764,0.5811600459709109,,,,,
naive,3,4.272,GC_L,BBO,10000,91.20166736919047,7.274424111242295,0.7692900423129436,0.771809701976631,,,,,
naive,4,4.272,GC_L,BBO,10000,60.57466878335477,5.681835747316024,0.8467661866822811,0.8467805590608928,,,,,
naive,5,4.272,GC_L,BBO,10000,50.19717832680008,4.723069200900936,0.8730177942810513,0.876016514138296,,,,,
naive,3,18.23,GC_L,ACO,10000,116.04170625021526,7.825777577142124,0.2705377507313754,0.270674619126561,,,,,
naive,4,18.23,GC_L,ACO,10000,111.66972860492154,7.676974861296895,0.2980209095881695,0.3010296895579947,,,,,
naive,5,18.23,GC_L,ACO,10000,140.06523295817985,8.408306548884816,0.11952087590216531,0.1298470330243091,,,,,
naive,3,1.783,GC_L,BRO,10000,2542.886937218567,39.392853036182,0.5137950285346975,0.5137952772609314,,,,,
naive,4,1.783,GC_L,BRO,10000,2229.924575998075,36.17690582541697,0.5736340460229705,0.5737378355689282,,,,,
naive,5,1.783,GC_L,BRO,10000,2033.6103288315721,34.32670719393408,0.6111697152439644,0.6112534615296537,,,,,
naive,3,1.474,GC_L,PSO,10000,121.81937252724865,7.118189009266978,0.5993467849418481,0.5999123463827882,,,,,
naive,4,1.474,GC_L,PSO,10000,98.99477222989347,6.457768056558751,0.6744148903001079,0.6757775501065346,,,,,
naive,5,1.474,GC_L,PSO,10000,101.57731978493295,6.7260667002126295,0.6659211182546503,0.6659211894004617,,,,,
naive,3,4.059,BT,CRO,10000,46.18063106848841,4.621394462540888,0.8300406481560154,0.8314895671008462,,,,,
naive,4,4.059,BT,CRO,10000,21.57020402307367,3.0330688487653115,0.9206148159935895,0.9214686341281455,,,,,
naive,5,4.059,BT,CRO,10000,36.70751201142346,3.0537996980266513,0.8649047272651094,0.865788365050738,,,,,
naive,3,13.895,BT,BBO,10000,83.33945666138882,6.082180277161414,0.781952528824652,0.7855985738296023,,,,,
naive,4,13.895,BT,BBO,10000,62.06565131731114,4.783264152957533,0.8376128323997034,0.8387281342549449,,,,,
naive,5,13.895,BT,BBO,10000,57.45051464530711,4.347856238803257,0.8496877716994375,0.85031085493048,,,,,
naive,3,47.366,BT,ACO,10000,50.04598606454773,5.38435839442203,0.719020338734321,0.7204317741813935,,,,,
naive,4,47.366,BT,ACO,10000,47.66745413561335,5.202980316447296,0.7323744385983861,0.7363022584888186,,,,,
naive,5,47.366,BT,ACO,10000,48.88651382790509,5.2282719176435934,0.725530113881495,0.732419094756278,,,,,
naive,3,8.485,BT,BRO,10000,18.401700221265425,3.2630540711838636,0.31992844425245937,0.32021670454422235,,,,,
naive,4,8.485,BT,BRO,10000,16.148711458036335,3.069493086752926,0.40319214026247785,0.4033524679278092,,,,,
naive,5,8.485,BT,BRO,10000,15.630741502539099,2.99696504844694,0.42233475367481976,0.4224341052258732,,,,,
naive,3,10.505,BT,PSO,10000,65.27493209310583,5.433243184037148,0.5939103203386951,0.6101652374671682,,,,,
naive,4,10.505,BT,PSO,10000,64.07102524550164,5.3977008886531594,0.6014000890815916,0.6207692233709108,,,,,
naive,5,10.505,BT,PSO,10000,59.69921140712395,5.630406950126788,0.6285981025338825,0.642946826292438,,,,,
naive,3,0.993,SAT_S,CRO,10000,5.812434401632506,1.992838815199064,0.4514987276263981,0.4822649265995409,,,,,
naive,4,0.993,SAT_S,CRO,10000,5.080747039556566,1.8634542705971289,0.5205457776826736,0.5581943681732755,,,,,
naive,5,0.993,SAT_S,CRO,10000,4.8323413033852605,1.7183150183150182,0.5439870508119831,0.5461519880396958,,,,,
naive,3,2.036,SAT_S,BBO,10000,4.4646131374665545,1.7141427058306864,0.4828798440011617,0.4845010169149152,,,,,
naive,4,2.036,SAT_S,BBO,10000,5.4059989506557296,1.9213994960263612,0.37384249550477666,0.38180057731907513,,,,,
naive,5,2.036,SAT_S,BBO,10000,5.173257497817681,1.766638608305275,0.40080010475181305,0.4032195474564122,,,,,
naive,3,4.505,SAT_S,ACO,10000,3.6811299762465755,1.6377781252792398,0.5288049210442287,0.5631252646476886,,,,,
naive,4,4.505,SAT_S,ACO,10000,3.324249031064157,1.5805912129778068,0.5744866943660454,0.5906495975727748,,,,,
naive,5,4.505,SAT_S,ACO,10000,3.627262212450771,1.6065946115288217,0.5357001476128966,0.5578310588688238,,,,,
naive,3,1.652,SAT_S,BRO,10000,5.86184388260205,1.944423349343259,0.4488078094974537,0.4488202553738081,,,,,
naive,4,1.652,SAT_S,BRO,10000,5.400310758637914,1.9237734302911245,0.49220600615402366,0.49279697698287117,,,,,
naive,5,1.652,SAT_S,BRO,10000,5.268557347358135,1.9003082742183406,0.5045948470757385,0.5045980154753587,,,,,
naive,3,1.607,SAT_S,PSO,10000,1.8366828309110184,1.0950475790346688,0.6459406591014905,0.6630399532440308,,,,,
naive,4,1.607,SAT_S,PSO,10000,2.092407292900083,1.171634392393321,0.5966443772722732,0.6027513644437649,,,,,
naive,5,1.607,SAT_S,PSO,10000,1.6957308349906772,1.0348484848484847,0.6731121281945682,0.6762002782874907,,,,,
naive,3,1.603,SAT_M,CRO,10000,46.7859463665241,4.295771074970185,0.4732666546954918,0.5489828715655858,,,,,
naive,4,1.603,SAT_M,CRO,10000,41.4835373645241,4.17952123446876,0.5329631201664689,0.59186823040528,,,,,
naive,5,1.603,SAT_M,CRO,10000,43.06908666640521,3.797204369824788,0.5151124245455585,0.5753536901103125,,,,,
naive,3,4.216,SAT_M,BBO,10000,25.994183229012275,3.8619059679294767,0.5472440382300872,0.5495933597392723,,,,,
naive,4,4.216,SAT_M,BBO,10000,20.260125801850453,3.2013892491430553,0.6471174853934897,0.6494705159239618,,,,,
naive,5,4.216,SAT_M,BBO,10000,22.66729092922173,3.2837871865163986,0.6051904760783604,0.6111032931663332,,,,,
naive,3,8.829,SAT_M,ACO,10000,25.01044617131958,3.577238738274061,0.5731016968682533,0.5733975512279021,,,,,
naive,4,8.829,SAT_M,ACO,10000,20.099683280792043,3.019779875566142,0.656922526400378,0.6569551406932527,,,,,
naive,5,8.829,SAT_M,ACO,10000,16.80969061265751,2.737515852979883,0.7130787531914499,0.7130807582016674,,,,,
naive,3,2.418,SAT_M,BRO,10000,7.313131502054301,2.066176418457707,0.5838855388271784,0.584228627959951,,,,,
naive,4,2.418,SAT_M,BRO,10000,5.69004689197136,1.809725501747574,0.6762384491738392,0.6762527957351709,,,,,
naive,5,2.418,SAT_M,BRO,10000,6.100128992977925,1.7329321213271716,0.6529049302224801,0.6529174696620434,,,,,
naive,3,2.411,SAT_M,PSO,10000,8.894160159976552,2.1576254495001783,0.5805931979530377,0.580596836780916,,,,,
naive,4,2.411,SAT_M,PSO,10000,9.329644954642728,2.1373086049916226,0.5600577812542338,0.5603648670865456,,,,,
naive,5,2.411,SAT_M,PSO,10000,9.15286536421552,2.077969332907604,0.5683938761023888,0.5693938702948713,,,,,
naive,3,2.674,SAT_L,CRO,10000,32.5304257366988,4.3404110121445,0.8004400203443307,0.8023595312691335,,,,,
naive,4,2.674,SAT_L,CRO,10000,20.217815490436834,3.360275151572994,0.8759725162956601,0.8768948943273035,,,,,
naive,5,2.674,SAT_L,CRO,10000,17.31186346921721,2.697578623110922,0.8937992650424715,0.893886661312726,,,,,
naive,3,6.891,SAT_L,BBO,10000,60.16053462894155,6.0707624996550456,0.7082590789964929,0.7082885602338204,,,,,
naive,4,6.891,SAT_L,BBO,10000,41.93569063896699,5.0355985547979,0.7966381601262438,0.7973154471913836,,,,,
naive,5,6.891,SAT_L,BBO,10000,44.83660900597699,4.874701534840942,0.7825705225733629,0.7825904826541008,,,,,
naive,3,17.331,SAT_L,ACO,10000,59.35608520089302,5.7659033229039816,0.6834153716770007,0.6895606014603479,,,,,
naive,4,17.331,SAT_L,ACO,10000,52.65379946625939,5.3792463874154,0.7191630230093295,0.7235284441493297,,,,,
naive,5,17.331,SAT_L,ACO,10000,48.02231998070614,4.921311618115631,0.7438657170390466,0.7473263004667781,,,,,
naive,3,5.095,SAT_L,BRO,10000,12.997732229919134,2.6340636722978,0.6989835643905109,0.699052594766332,,,,,
naive,4,5.095,SAT_L,BRO,10000,11.554371887664514,2.364232895771886,0.7324105636423859,0.7329397239470858,,,,,
naive,5,5.095,SAT_L,BRO,10000,10.536583656796871,2.15785002320716,0.7559816743593645,0.7561819423591785,,,,,
naive,3,4.8,SAT_L,PSO,10000,34.24137244860077,4.351662686257203,0.6431333266133112,0.6434919890618532,,,,,
naive,4,4.8,SAT_L,PSO,10000,40.29292467262355,4.647233612327312,0.5800635032803078,0.5853126167307813,,,,,
naive,5,4.8,SAT_L,PSO,10000,33.53150867401379,4.273885324235372,0.6505315909257258,0.6520077727908362,,,,,
naive,3,1.366,GC_S,CRO,10000,192.82907387733414,9.69996195471042,0.8046843872878204,0.8049627859100618,,,,,
naive,4,1.366,GC_S,CRO,10000,213.63935882224996,9.654509162297366,0.7836057528630297,0.7836233912517532,,,,,
naive,5,1.366,GC_S,CRO,10000,198.21394258858507,8.42689803268756,0.799230080473166,0.7994638003634846,,,,,
naive,3,6.758,GC_S,BBO,10000,509.51747009646846,16.780365688908713,0.7937177682832969,0.7937956818584951,,,,,
naive,4,6.758,GC_S,BBO,10000,373.6154918983785,13.645705443673362,0.8487387734553256,0.8489996457624509,,,,,
naive,5,6.758,GC_S,BBO,10000,257.8328706889778,10.281409213769438,0.895614295687297,0.895620019763048,,,,,
naive,3,30.186,GC_S,ACO,10000,821.2382093328468,20.86388489544592,0.3338863398442291,0.3341877255672496,,,,,
naive,4,30.186,GC_S,ACO,10000,813.0119726923168,20.21573861329927,0.34055871399299475,0.3426355524103556,,,,,
naive,5,30.186,GC_S,ACO,10000,959.7618452516348,22.10352201789507,0.22152857921968505,0.22347949021532187,,,,,
naive,3,2.682,GC_S,BRO,10000,10046.699542594539,78.64138963066007,0.5309554939546277,0.5309596466217289,,,,,
naive,4,2.682,GC_S,BRO,10000,8932.225785322316,74.05381487607211,0.5829862918066042,0.5832570711765948,,,,,
naive,5,2.682,GC_S,BRO,10000,7646.4785488860825,67.25756878719952,0.6430132364620719,0.64303705261679,,,,,
naive,3,3.018,GC_S,PSO,10000,381.7119101383604,14.122090661452733,0.7928512768241704,0.7941666842646562,,,,,
naive,4,3.018,GC_S,PSO,10000,334.9678002997329,12.308567620052456,0.8182185300114042,0.8201966600307015,,,,,
naive,5,3.018,GC_S,PSO,10000,213.26441403887964,11.002843121611251,0.8842649393596803,0.8855912559125433,,,,,
naive,3,1.046,GC_L,CRO,10000,106.01687288595483,7.849676059152038,0.7198480874327736,0.7198712336386928,,,,,
naive,4,1.046,GC_L,CRO,10000,98.86947624792819,6.711919125600926,0.738735239859668,0.7391743891544931,,,,,
naive,5,1.046,GC_L,CRO,10000,108.98367804195631,6.844580611180538,0.7120082397175687,0.7121601323471144,,,,,
naive,3,4.462,GC_L,BBO,10000,164.31209179853548,8.88138622923319,0.6948493120319457,0.6950255057069725,,,,,
naive,4,4.462,GC_L,BBO,10000,124.92662419857152,7.853084887105836,0.7679936704447673,0.7680435493997526,,,,,
naive,5,4.462,GC_L,BBO,10000,105.52531115002867,6.9189307938203095,0.8040246402866302,0.8042369570872486,,,,,
naive,3,18.492,GC_L,ACO,10000,105.63478500033037,8.046083637482138,0.45347745091264524,0.4557250900876936,,,,,
naive,4,18.492,GC_L,ACO,10000,103.9124536206345,7.867091972355127,0.46238827452062237,0.4817012497777987,,,,,
naive,5,18.492,GC_L,ACO,10000,125.95818543710823,8.644881036440433,0.34833030063637827,0.3671554543007265,,,,,
naive,3,2.228,GC_L,BRO,10000,3054.1882921775027,44.01328242794849,0.5539385944626514,0.5539408494598088,,,,,
naive,4,2.228,GC_L,BRO,10000,2541.899166808107,39.18112170034445,0.6287579524862041,0.6288179690778037,,,,,
naive,5,2.228,GC_L,BRO,10000,2116.1233346318627,35.692235866951535,0.6909421231972259,0.6909421337077664,,,,,
naive,3,1.674,GC_L,PSO,10000,103.76390197356962,7.377406219244454,0.6886888371316119,0.6925786020092034,,,,,
naive,4,1.674,GC_L,PSO,10000,108.55428433485557,7.3019709497168135,0.6743167917949204,0.6764718938035532,,,,,
naive,5,1.674,GC_L,PSO,10000,100.82955956213922,6.968509307926921,0.6974924145894942,0.6981131220581447,,,,,
naive,3,4.611,BT,CRO,10000,46.848891510109134,3.796510353116955,0.7792430862929043,0.7830035653862093,,,,,
naive,4,4.611,BT,CRO,10000,36.80640728011094,3.1687701925531,0.8265643302563438,0.8288658487619365,,,,,
naive,5,4.611,BT,CRO,10000,30.72908190645437,2.9862866993244364,0.8552013278423539,0.8567136263367778,,,,,
naive,3,15.339,BT,BBO,10000,40.00596540636219,4.262950268751547,0.8458468781532198,0.8458768693226757,,,,,
naive,4,15.339,BT,BBO,10000,33.82433881932329,3.554367725207616,0.8696662517592262,0.8700245535018354,,,,,
naive,5,15.339,BT,BBO,10000,31.13427666268532,3.078400282434375,0.880031742885249,0.8810674354295183,,,,,
naive,3,45.098,BT,ACO,10000,42.04921960783518,5.063119152755757,0.7605632221463677,0.7605836776995116,,,,,
naive,4,45.098,BT,ACO,10000,37.50408142468267,5.0448342459247195,0.7864441600477876,0.7866449107990884,,,,,
naive,5,45.098,BT,ACO,10000,39.42425179712953,4.960860207121471,0.7755103208185093,0.7755178117244574,,,,,
naive,3,8.019,BT,BRO,10000,28.78335536656054,4.173097651942556,0.40335704682920126,0.40350822535879804,,,,,
naive,4,8.019,BT,BRO,10000,25.963230779493628,3.900173497455288,0.4618147019742985,0.46181474569282077,,,,,
naive,5,8.019,BT,BRO,10000,23.915219067429675,3.7355949412223013,0.504267423015773,0.5043231642833119,,,,,
naive,3,7.45,BT,PSO,10000,43.61143790710918,5.348301294055223,0.7540403346500346,0.7561883618859173,,,,,
naive,4,7.45,BT,PSO,10000,39.95393771371801,5.107179203820487,0.7746678939958198,0.7786749228382868,,,,,
naive,5,7.45,BT,PSO,10000,38.880731570121085,4.776204076114434,0.7807205589983558,0.7858140850529298,,,,,
naive,3,0.697,SAT_S,CRO,10000,7.3569649187558,1.8275017253278112,0.6116418169368276,0.6557448176999134,,,,,
naive,4,0.697,SAT_S,CRO,10000,4.312397370786443,1.4931716833890747,0.7723579185085665,0.7861223684871271,,,,,
naive,5,0.697,SAT_S,CRO,10000,4.1321453405072885,1.4761717928278029,0.7818730312956612,0.786825672656037,,,,,
naive,3,1.455,SAT_S,BBO,10000,7.030130746209036,2.163482368753954,0.5833032018917543,0.6020804180785921,,,,,
naive,4,1.455,SAT_S,BBO,10000,7.802050502615563,2.1540854978354975,0.5375492177194758,0.5480779875828563,,,,,
naive,5,1.455,SAT_S,BBO,10000,7.904775198605508,2.0610973696911192,0.531460418883304,0.5483516434482967,,,,,
naive,3,3.481,SAT_S,ACO,10000,5.125636078263903,1.6857823071237703,0.40302932443114026,0.4031074942901346,,,,,
naive,4,3.481,SAT_S,ACO,10000,4.764815007906016,1.5879813573877504,0.44505329859592035,0.4507372546943156,,,,,
naive,5,3.481,SAT_S,ACO,10000,4.412803612730492,1.5302546944703812,0.4860512307895468,0.5011984196358656,,,,,
naive,3,1.124,SAT_S,BRO,10000,7.9248964517773315,2.227106591828574,0.27867942838527116,0.3101795233017396,,,,,
naive,4,1.124,SAT_S,BRO,10000,6.703668864493371,1.9642613393930202,0.3898350235014424,0.40786319540329397,,,,,
naive,5,1.124,SAT_S,BRO,10000,7.680528963276208,2.0441148597377023,0.30092164915903974,0.3134826779784813,,,,,
naive,3,1.086,SAT_S,PSO,10000,4.9648300895333115,1.7082030113411606,0.2781682897764729,0.2797233191326971,,,,,
naive,4,1.086,SAT_S,PSO,10000,5.010043550780219,1.6452099804689155,0.2715947496011939,0.2718041192538301,,,,,
naive,5,1.086,SAT_S,PSO,10000,4.390211423492725,1.5468060826046306,0.3617115262930375,0.36286459059417786,,,,,
naive,3,1.233,SAT_M,CRO,10000,15.983606976056835,3.1493699806980384,0.7922489064227698,0.7951433351429109,,,,,
naive,4,1.233,SAT_M,CRO,10000,20.648611048583543,2.740396359885386,0.7316143012888072,0.7321131861658007,,,,,
naive,5,1.233,SAT_M,CRO,10000,22.516455904654407,2.7550882450882463,0.7073365014115571,0.7075791858453011,,,,,
naive,3,3.233,SAT_M,BBO,10000,29.595756643037735,4.056321161614992,0.5255335450563599,0.5418066676534852,,,,,
naive,4,3.233,SAT_M,BBO,10000,22.634588712330675,3.5418558190259772,0.6371319985166437,0.6423850866720592,,,,,
naive,5,3.233,SAT_M,BBO,10000,22.664793823184542,3.522821695728101,0.6366477631567957,0.6523738517207309,,,,,
naive,3,8.118,SAT_M,ACO,10000,20.03232305210774,3.4690560322591306,0.6389166804515769,0.639086798753006,,,,,
naive,4,8.118,SAT_M,ACO,10000,16.71729040888208,2.944859653824638,0.6986702591111102,0.6991603332959948,,,,,
naive,5,8.118,SAT_M,ACO,10000,17.183704997935212,2.8693240347223914,0.6902631199259522,0.6944335275305161,,,,,
naive,3,2.454,SAT_M,BRO,10000,8.823184845173833,2.3265502344501714,0.49491816617950335,0.4951530449152197,,,,,
naive,4,2.454,SAT_M,BRO,10000,8.346398907424529,2.1610178013817873,0.5222117024709896,0.5223916016331843,,,,,
naive,5,2.454,SAT_M,BRO,10000,8.403276118570103,2.1655041268332726,0.5189557754319323,0.5192715355868722,,,,,
naive,3,2.333,SAT_M,PSO,10000,10.98854820065654,2.6248280098280103,0.07116004525150965,0.07116027507179035,,,,,
naive,4,2.333,SAT_M,PSO,10000,8.731766965227976,2.340623809523811,0.2619212397528421,0.2627676969942436,,,,,
naive,5,2.333,SAT_M,PSO,10000,10.373718885095936,2.5427446670976077,0.12313033497633752,0.13113355795946868,,,,,
naive,3,4.632,SAT_L,CRO,10000,29.96730290742739,3.736094639957259,0.7812019721363113,0.7861913341264396,,,,,
naive,4,4.632,SAT_L,CRO,10000,29.425572880817434,3.2558999788657346,0.7851572650708458,0.7893192125669652,,,,,
naive,5,4.632,SAT_L,CRO,10000,26.812572497526105,2.9562351407020606,0.8042353693779739,0.8071734146328833,,,,,
naive,3,6.847,SAT_L,BBO,10000,60.64087652277655,5.90468967428778,0.6759226847118822,0.6798801334125738,,,,,
naive,4,6.847,SAT_L,BBO,10000,54.48982696408867,5.577965322290892,0.7087951585527741,0.7176389061717202,,,,,
naive,5,6.847,SAT_L,BBO,10000,87.18277817663493,5.930024299599775,0.5340773037765831,0.5625165425102783,,,,,
naive,3,16.402,SAT_L,ACO,10000,46.83023024623228,5.412109602517326,0.7671250941479733,0.773636937427713,,,,,
naive,4,16.402,SAT_L,ACO,10000,42.97649331803002,4.768031954615359,0.7862887544506211,0.7869950668460276,,,,,
naive,5,16.402,SAT_L,ACO,10000,45.71762288306543,4.63551362158779,0.7726578095240331,0.7731057009012867,,,,,
naive,3,4.908,SAT_L,BRO,10000,17.475752303540467,3.13994571302926,0.501535503631611,0.5015601918374224,,,,,
naive,4,4.908,SAT_L,BRO,10000,15.799518041135574,2.8550413235817222,0.5493470800886553,0.549489080637951,,,,,
naive,5,4.908,SAT_L,BRO,10000,15.056879909418788,2.6679081433052265,0.5705295010729109,0.5715014307744072,,,,,
naive,3,4.675,SAT_L,PSO,10000,21.75758696475798,3.541321688324915,0.7766757278476065,0.7771977579617885,,,,,
naive,4,4.675,SAT_L,PSO,10000,19.272732291219246,3.2299705928621862,0.8021807786729283,0.8035074644850274,,,,,
naive,5,4.675,SAT_L,PSO,10000,20.424906682966185,3.228885665231963,0.7903546277377952,0.797621467418233,,,,,
naive,3,1.444,GC_S,CRO,10000,127.71122166093662,8.712426842278747,0.8598592197536679,0.8598795537797415,,,,,
naive,4,1.444,GC_S,CRO,10000,107.42013085263044,7.920279895251061,0.8821251511334081,0.8821283498535651,,,,,
naive,5,1.444,GC_S,CRO,10000,94.3554228067844,6.6682387743080875,0.8964613884305211,0.896564101074539,,,,,
naive,3,6.608,GC_S,BBO,10000,622.3944681431328,15.618559063808759,0.7622349086101614,0.7629786546532727,,,,,
naive,4,6.608,GC_S,BBO,10000,588.0099751160526,14.330320459303202,0.7753703597515698,0.7778687121035474,,,,,
naive,5,6.608,GC_S,BBO,10000,386.3592814631966,12.170213788771532,0.8524042957186382,0.8546125163279968,,,,,
naive,3,29.203,GC_S,ACO,10000,726.0056977451424,20.75082459771008,0.45968363334448004,0.45969733431139737,,,,,
naive,4,29.203,GC_S,ACO,10000,697.1743335779349,18.605501305501313,0.4811408450177914,0.48250037953441616,,,,,
naive,5,29.203,GC_S,ACO,10000,901.8716552556183,21.41058747691458,0.32879863412810817,0.33117691799163784,,,,,
naive,3,2.447,GC_S,BRO,10000,10205.738372971511,78.19609714172947,0.586038574503833,0.586972463506692,,,,,
naive,4,2.447,GC_S,BRO,10000,8279.036610293091,69.4071210972359,0.6641887464009117,0.6650788491789283,,,,,
naive,5,2.447,GC_S,BRO,10000,6955.712667131123,62.78540188086864,0.7178649279651308,0.7189879997244991,,,,,
naive,3,2.223,GC_S,PSO,10000,418.04914930587023,15.598871325189053,0.7234300644973115,0.7308638086356012,,,,,
naive,4,2.223,GC_S,PSO,10000,387.5205553498044,14.294148100206417,0.7436269510964977,0.7489706618988957,,,,,
naive,5,2.223,GC_S,PSO,10000,357.3876190675606,13.216319482868627,0.7635620813507378,0.765806069940671,,,,,
naive,3,0.889,GC_L,CRO,10000,84.25514229148067,6.920772470357554,0.782400185914476,0.7836226667800831,,,,,
naive,4,0.889,GC_L,CRO,10000,83.68942767786226,6.629118924957359,0.7838612171512754,0.7865493834670152,,,,,
naive,5,0.889,GC_L,CRO,10000,76.98263865010355,6.518511698060262,0.8011823681915567,0.8030097426041404,,,,,
naive,3,3.961,GC_L,BBO,10000,185.87828278927958,8.579385235077117,0.6330829030595185,0.6406637063709557,,,,,
naive,4,3.961,GC_L,BBO,10000,171.69905257750335,7.387339834839095,0.6610721974950262,0.6696015760440083,,,,,
naive,5,3.961,GC_L,BBO,10000,149.93030129669796,6.513791294456053,0.7040429356797947,0.71049025282601,,,,,
naive,3,17.111,GC_L,ACO,10000,165.14319439742786,9.650943773894593,0.3311195146677147,0.34305374640096087,,,,,
naive,4,17.111,GC_L,ACO,10000,140.26131219359547,8.66160741217639,0.4318987535894695,0.4602349859752476,,,,,
naive,5,17.111,GC_L,ACO,10000,184.78321572307618,10.376642111647833,0.2515714167629265,0.2567551836576979,,,,,
naive,3,1.675,GC_L,BRO,10000,2847.9041832290072,41.923009576608685,0.5845396396103437,0.5847665411033018,,,,,
naive,4,1.675,GC_L,BRO,10000,2394.4111394323295,38.126751517685,0.6506964943667242,0.6509914749377421,,,,,
naive,5,1.675,GC_L,BRO,10000,2009.6700798547715,34.59567579018537,0.7068236141659429,0.7071817880896535,,,,,
naive,3,1.461,GC_L,PSO,10000,138.41312126004905,9.255437090358534,0.7198226810916925,0.7198379672737467,,,,,
naive,4,1.461,GC_L,PSO,10000,115.83415639890818,8.201738659311367,0.7655272630050929,0.7662385993048608,,,,,
naive,5,1.461,GC_L,PSO,10000,107.63543493828817,7.791671618142206,0.782123202583659,0.7837861508907557,,,,,
naive,3,3.912,BT,CRO,10000,20.40377699923303,3.5705613114384125,0.8933014595262764,0.8953379057122354,,,,,
naive,4,3.912,BT,CRO,10000,15.908036161254834,2.784933839125784,0.9168112727230399,0.9188314813830886,,,,,
naive,5,3.912,BT,CRO,10000,11.231901086155075,2.39210738021906,0.9412644309588845,0.9431935398434791,,,,,
naive,3,13.385,BT,BBO,10000,51.74124433449047,5.031660759094052,0.830631184336342,0.8317832567463607,,,,,
naive,4,13.385,BT,BBO,10000,32.18638830575542,4.166989826147631,0.8946416821250943,0.8946523461325665,,,,,
naive,5,13.385,BT,BBO,10000,24.414018681132443,3.201737942944575,0.9200836106127916,0.9200866249931188,,,,,
naive,3,42.633,BT,ACO,10000,53.57081602660293,6.035989555787643,0.670315822311988,0.6777673388311223,,,,,
naive,4,42.633,BT,ACO,10000,54.39673152842906,5.904778785566376,0.6652329937636212,0.668663362677566,,,,,
naive,5,42.633,BT,ACO,10000,49.695475850090226,5.625957803648881,0.6941653440127671,0.6959295124581213,,,,,
naive,3,8.204,BT,BRO,10000,30.17767673745262,4.337213465932213,0.2533674353093125,0.2537905077903292,,,,,
naive,4,8.204,BT,BRO,10000,27.99910467963396,4.166144458211389,0.30726796771424403,0.30758252586559254,,,,,
naive,5,8.204,BT,BRO,10000,24.84997645072481,3.911398165721252,0.38518124468868475,0.3854002300642322,,,,,
naive,3,7.479,BT,PSO,10000,38.99068785538068,4.858236407706179,0.7949397904575806,0.8086840210994063,,,,,
naive,4,7.479,BT,PSO,10000,33.89187786187862,4.531512539897281,0.8217555021875861,0.8420895132361248,,,,,
naive,5,7.479,BT,PSO,10000,39.161054011705986,4.711250577213382,0.7940437990904987,0.8273445739101539,,,,,
naive,3,0.702,SAT_S,CRO,10000,6.022409936763013,1.8828356294161739,0.5218663908433213,0.5369113459565708,,,,,
naive,4,0.702,SAT_S,CRO,10000,7.577611190087999,2.051484230055659,0.398395222984406,0.4155148464518842,,,,,
naive,5,0.702,SAT_S,CRO,10000,8.54629515125533,1.8939536340852123,0.3214890735610959,0.3481142259935872,,,,,
naive,3,1.48,SAT_S,BBO,10000,6.861539609927982,2.0510120134747742,0.18031849109131504,0.18031873639920437,,,,,
naive,4,1.48,SAT_S,BBO,10000,7.8946658764515885,2.1132034632034618,0.05690092809831282,0.06318553558618156,,,,,
naive,5,1.48,SAT_S,BBO,10000,5.943607548491961,1.6596108140225778,0.2899749209842315,0.29047757084708936,,,,,
naive,3,3.386,SAT_S,ACO,10000,2.8767372005176837,1.251609791352439,0.5744471596867331,0.5748733722944603,,,,,
naive,4,3.386,SAT_S,ACO,10000,3.134895523115832,1.283386921787742,0.5362580587106758,0.5444572027195618,,,,,
naive,5,3.386,SAT_S,ACO,10000,3.683121654500103,1.4305382943011038,0.45515951856507353,0.46991420278172324,,,,,
naive,3,1.191,SAT_S,BRO,10000,6.583311132594304,1.9695792066238151,0.3711825785691363,0.3713106197895052,,,,,
naive,4,1.191,SAT_S,BRO,10000,5.517739514567259,1.7593336684008718,0.4729626682082585,0.473511407060646,,,,,
naive,5,1.191,SAT_S,BRO,10000,4.653666653967111,1.6314375876606189,0.5554962227049998,0.5561139288845336,,,,,
naive,3,1.057,SAT_S,PSO,10000,2.581529693620526,1.2183611201917834,0.4605093386388883,0.46123832345888216,,,,,
naive,4,1.057,SAT_S,PSO,10000,2.715297863449672,1.17362673302026,0.4325543325087906,0.4329911312891086,,,,,
naive,5,1.057,SAT_S,PSO,10000,2.57478720310183,1.1464515848136527,0.461918391061621,0.4647956436316504,,,,,
naive,3,1.253,SAT_M,CRO,10000,18.205647671838168,3.167333997212827,0.6153336197840789,0.6192606242198446,,,,,
naive,4,1.253,SAT_M,CRO,10000,24.993708936732222,3.446386085444257,0.47190895275123246,0.4727928606915691,,,,,
naive,5,1.253,SAT_M,CRO,10000,23.89578544327236,3.0794649224687736,0.4951069330481115,0.4951273880798097,,,,,
naive,3,3.171,SAT_M,BBO,10000,28.838401081977363,3.699409759962128,0.4012063520084985,0.42460447803147927,,,,,
naive,4,3.171,SAT_M,BBO,10000,26.453977702191988,3.5257936507936507,0.4507159475605975,0.46310430540153735,,,,,
naive,5,3.171,SAT_M,BBO,10000,27.188124290475066,3.549035639412999,0.4354723037639492,0.4584583724920165,,,,,
naive,3,8.278,SAT_M,ACO,10000,19.710841081112918,2.878021051005919,0.586082158660793,0.5985345023086486,,,,,
naive,4,8.278,SAT_M,ACO,10000,17.325313647991194,2.7408043206470243,0.6361770461143452,0.6482989465749125,,,,,
naive,5,8.278,SAT_M,ACO,10000,16.52817376271854,2.538200265898222,0.6529165865124259,0.6631266294926348,,,,,
naive,3,2.45,SAT_M,BRO,10000,10.526183124904508,2.4858306978861195,0.4479595482480516,0.45805006157021744,,,,,
naive,4,2.45,SAT_M,BRO,10000,9.954596077211944,2.372545318654753,0.47793614738940726,0.48547634868336564,,,,,
naive,5,2.45,SAT_M,BRO,10000,8.986906693713534,2.0849821946771665,0.5286861370184233,0.5326625792191686,,,,,
naive,3,2.29,SAT_M,PSO,10000,11.778905095737933,2.7337958494208494,0.5982647464745195,0.6097663786625516,,,,,
naive,4,2.29,SAT_M,PSO,10000,12.007610692883723,2.701506742954195,0.5904644373366774,0.5965548646180348,,,,,
naive,5,2.29,SAT_M,PSO,10000,13.698497308030475,2.8892075725530084,0.532794496243034,0.5355207061861404,,,,,
naive,3,3.209,SAT_L,CRO,10000,47.620441028556726,4.902624831309044,0.7445916094597358,0.746132128525024,,,,,
naive,4,3.209,SAT_L,CRO,10000,39.73116996572268,3.5415198474540075,0.786905077818544,0.7880596184441583,,,,,
naive,5,3.209,SAT_L,CRO,10000,32.802415798782114,2.9514639044703674,0.8240668913592086,0.8253011337679215,,,,,
naive,3,8.504,SAT_L,BBO,10000,69.53880492792014,6.13188755358369,0.675439422334484,0.6759025944980721,,,,,
naive,4,8.504,SAT_L,BBO,10000,67.36103713371824,5.208673119436735,0.6856037841471463,0.6930009339893235,,,,,
naive,5,8.504,SAT_L,BBO,10000,62.6233475724338,4.85780927135629,0.7077161466245316,0.715434806453203,,,,,
naive,3,17.587,SAT_L,ACO,10000,76.51981933477632,6.972423505050511,0.41533337371138257,0.4320024576272503,,,,,
naive,4,17.587,SAT_L,ACO,10000,60.309965412231705,5.905494779688773,0.539188352564139,0.5487064696968411,,,,,
naive,5,17.587,SAT_L,ACO,10000,56.09875204956771,5.441583689380297,0.5713650609089185,0.575087152553333,,,,,
naive,3,5.331,SAT_L,BRO,10000,15.796608614680716,3.0019194123978385,0.5543069542079968,0.5543134920556473,,,,,
naive,4,5.331,SAT_L,BRO,10000,12.96383809434127,2.658809337724541,0.6342320920674314,0.63428726529421,,,,,
naive,5,5.331,SAT_L,BRO,10000,10.044502752738278,2.3417242948517676,0.7165996110599612,0.7169450425069168,,,,,
naive,3,4.791,SAT_L,PSO,10000,18.575852956718478,3.3646839395428354,0.3917243082456179,0.3923823283730774,,,,,
naive,4,4.791,SAT_L,PSO,10000,22.148165930890894,3.6100498703934893,0.2747471147573386,0.27934769930508985,,,,,
naive,5,4.791,SAT_L,PSO,10000,24.10618682533986,3.666373202734758,0.21063073114816955,0.21171884619188752,,,,,
naive,3,1.329,GC_S,CRO,10000,546.8685514093578,14.732173700822022,0.6938356565563198,0.707147570720716,,,,,
naive,4,1.329,GC_S,CRO,10000,476.6625748401863,12.212169466192528,0.7331404706048298,0.7444400269381259,,,,,
naive,5,1.329,GC_S,CRO,10000,417.8742742261135,11.164413841590799,0.766053099084364,0.780060666040099,,,,,
naive,3,6.613,GC_S,BBO,10000,690.0442974066516,17.115306031540428,0.7825888338658566,0.7826826601879717,,,,,
naive,4,6.613,GC_S,BBO,10000,461.9221595861549,14.943642641827168,0.854462915270431,0.8548519923840165,,,,,
naive,5,6.613,GC_S,BBO,10000,433.2335943274232,12.197969553157295,0.863501776182777,0.8635346466915419,,,,,
naive,3,28.827,GC_S,ACO,10000,572.5129351016091,19.32026275172268,0.5599276690429114,0.5636464123261351,,,,,
naive,4,28.827,GC_S,ACO,10000,542.0660090903682,18.094476870417648,0.5833312445409335,0.5868255560281389,,,,,
naive,5,28.827,GC_S,ACO,10000,644.0956713531122,18.601958570643998,0.5049043155655011,0.5089362020649729,,,,,
naive,3,2.56,GC_S,BRO,10000,11773.120879687156,84.6933714492423,0.5302492258499296,0.530729302331955,,,,,
naive,4,2.56,GC_S,BRO,10000,10168.118419273203,77.48369713209192,0.5942892672286821,0.5946665091504855,,,,,
naive,5,2.56,GC_S,BRO,10000,8098.22527146904,68.72167419003121,0.676878575410046,0.6773139103312853,,,,,
naive,3,2.19,GC_S,PSO,10000,479.7583838390644,15.06495657863548,0.7426135205033357,0.7427300209543859,,,,,
naive,4,2.19,GC_S,PSO,10000,313.81907878537936,12.42775424035244,0.831638611000177,0.8319767675815027,,,,,
naive,5,2.19,GC_S,PSO,10000,324.5983291965806,11.936134201032692,0.8258556306325369,0.8261753088505535,,,,,
naive,3,0.88,GC_L,CRO,10000,337.1429245113667,9.253284406001889,0.4770219396444211,0.4982792125418605,,,,,
naive,4,0.88,GC_L,CRO,10000,363.2716363059089,10.35431877438475,0.4364909303292933,0.45358269633935155,,,,,
naive,5,0.88,GC_L,CRO,10000,332.46681917595583,9.81110921647069,0.4842755413680102,0.5095114768213829,,,,,
naive,3,3.99,GC_L,BBO,10000,131.3810928845991,7.333353807918268,0.755944559451637,0.756073832000482,,,,,
naive,4,3.99,GC_L,BBO,10000,143.82680308577145,7.310738671556219,0.7328252260727286,0.7332715438140551,,,,,
naive,5,3.99,GC_L,BBO,10000,137.9639763351262,6.497781514864849,0.7437160988312942,0.7462505089372937,,,,,
naive,3,20.015,GC_L,ACO,10000,169.93678267682427,9.343840380917118,0.08339652804387365,0.08418927834290035,,,,,
naive,4,20.015,GC_L,ACO,10000,178.3479794348692,9.654471122281363,0.03802829151328091,0.044078869064360315,,,,,
naive,5,20.015,GC_L,ACO,10000,168.04341562622355,8.768877139631856,0.09360895401152514,0.09489825610388436,,,,,
naive,3,1.768,GC_L,BRO,10000,3085.3021095285653,43.2381118563341,0.6441546082317849,0.6441613476510086,,,,,
naive,4,1.768,GC_L,BRO,10000,2558.0535115283014,39.30686229929422,0.7049651795321477,0.7052192230942831,,,,,
naive,5,1.768,GC_L,BRO,10000,2327.78324809658,36.9629363280258,0.7315235550799968,0.731765499275266,,,,,
naive,3,1.72,GC_L,PSO,10000,108.07357699670537,7.4497879924177495,0.6651050809330781,0.6653232283054378,,,,,
naive,4,1.72,GC_L,PSO,10000,97.49989339468375,7.014370865485115,0.6978704710732251,0.6978705386415139,,,,,
naive,5,1.72,GC_L,PSO,10000,88.66785266720804,6.231557086266107,0.7252389143765675,0.7256572570804134,,,,,
naive,3,4.975,BT,CRO,10000,22.35366162269065,2.9812974332520867,0.8730873993486549,0.874696012235843,,,,,
naive,4,4.975,BT,CRO,10000,11.434137781979722,2.511716908334012,0.9350828429538436,0.9352732536922727,,,,,
naive,5,4.975,BT,CRO,10000,10.393616614268527,2.2355716001236305,0.9409903873041148,0.9416604401232475,,,,,
naive,3,16.102,BT,BBO,10000,44.12680921648634,4.875954356538347,0.8862707165986211,0.8863248385097254,,,,,
naive,4,16.102,BT,BBO,10000,37.472366882473786,4.0775493320797525,0.903421400537044,0.9035688719737638,,,,,
naive,5,16.102,BT,BBO,10000,32.458875873174186,3.767938032175387,0.9163428138445322,0.9164649661365738,,,,,
naive,3,42.221,BT,ACO,10000,45.63596133786042,4.888650219220232,0.6064750316142371,0.6071975468835056,,,,,
naive,4,42.221,BT,ACO,10000,42.501758439511214,4.90258144704395,0.6335016803432121,0.6335041202718106,,,,,
naive,5,42.221,BT,ACO,10000,43.72205468048674,4.936660514771765,0.622978903445933,0.6229958422480519,,,,,
naive,3,7.648,BT,BRO,10000,28.657645136820047,4.246446137022328,0.285623863393619,0.2857297200466621,,,,,
naive,4,7.648,BT,BRO,10000,26.067754219905883,3.9854297297741157,0.35018451583466603,0.35023309015606563,,,,,
naive,5,7.648,BT,BRO,10000,25.012171060301696,3.9014383236638728,0.3764980323788405,0.3765225220937044,,,,,
naive,3,7.109,BT,PSO,10000,52.29607206909704,4.880884781090566,0.6773907838494855,0.6917039960585547,,,,,
naive,4,7.109,BT,PSO,10000,33.00327395429835,4.221025869958652,0.7964061177151288,0.8032013190540559,,,,,
naive,5,7.109,BT,PSO,10000,40.168814143279086,4.441983750788714,0.7522026199723585,0.7634250663483221,,,,,
naive,3,0.721,SAT_S,CRO,10000,5.509470292285229,1.8279141515761226,0.2594797994240281,0.27804329823468643,,,,,
naive,4,0.721,SAT_S,CRO,10000,7.533576865684155,2.0847517730496445,-0.012577535710236232,-0.010692056355386725,,,,,
naive,5,0.721,SAT_S,CRO,10000,6.072774589942172,1.9454767353165527,0.18376685619056798,0.18475977870340943,,,,,
naive,3,1.407,SAT_S,BBO,10000,6.975242189468381,2.0575998075998077,0.31910731943966764,0.34194546963939143,,,,,
naive,4,1.407,SAT_S,BBO,10000,7.911955526763666,2.0630657221566304,0.22766945422681673,0.24193999255320942,,,,,
naive,5,1.407,SAT_S,BBO,10000,10.237868413998871,2.2893021120293846,0.0006239958009348623,0.014097152714704464,,,,,
naive,3,3.253,SAT_S,ACO,10000,3.0903681663437057,1.443698743052148,0.5286511264520876,0.5321352321681245,,,,,
naive,4,3.253,SAT_S,ACO,10000,3.1011962468129957,1.3076147125516873,0.5269996068734594,0.5278640013901421,,,,,
naive,5,3.253,SAT_S,ACO,10000,3.478448546184152,1.335110348536771,0.469460363398034,0.47620489815117906,,,,,
naive,3,1.274,SAT_S,BRO,10000,8.63766537030134,2.354046765601491,0.39930289948825237,0.39972514659628333,,,,,
naive,4,1.274,SAT_S,BRO,10000,7.118934655710562,2.1409900917083036,0.5049213852250978,0.5053104735461758,,,,,
naive,5,1.274,SAT_S,BRO,10000,5.438271166734752,1.8525134460339387,0.621801310700667,0.623005996909598,,,,,
naive,3,1.046,SAT_S,PSO,10000,2.098365131529044,1.0994234488710941,0.4943284027298861,0.4943285391708431,,,,,
naive,4,1.046,SAT_S,PSO,10000,2.2144708435060485,1.108364288697936,0.4663488295157554,0.46730217453447187,,,,,
naive,5,1.046,SAT_S,PSO,10000,2.309904269995166,1.0481516290726824,0.4433509382142796,0.4511408794919237,,,,,
naive,3,1.231,SAT_M,CRO,10000,11.162949049693104,2.7054911551862744,0.8340742415812391,0.8369747233050431,,,,,
naive,4,1.231,SAT_M,CRO,10000,8.59242006839378,2.317101859415722,0.8722825115339915,0.8735438338850262,,,,,
naive,5,1.231,SAT_M,CRO,10000,8.811240280126688,2.324201702710982,0.869029974106157,0.8692414334711608,,,,,
naive,3,3.141,SAT_M,BBO,10000,39.981171354755496,4.9831747377800015,0.3047225031329307,0.3422128265803577,,,,,
naive,4,3.141,SAT_M,BBO,10000,40.94868531466701,4.775520061334015,0.28789731614022374,0.32439607488010413,,,,,
naive,5,3.141,SAT_M,BBO,10000,35.12446797630714,4.495077524155774,0.3891811733912689,0.4265174600784549,,,,,
naive,3,7.864,SAT_M,ACO,10000,16.968154195808207,2.9678161636863183,0.6394225895004197,0.6408530978952639,,,,,
naive,4,7.864,SAT_M,ACO,10000,15.598903914020191,2.7534582500636238,0.6685194915697628,0.6706917717753988,,,,,
naive,5,7.864,SAT_M,ACO,10000,14.076480985761208,2.592181942917728,0.7008713496930479,0.70628608512863,,,,,
naive,3,2.455,SAT_M,BRO,10000,13.221882193818836,2.7255842711552973,0.504253501261508,0.5042999858877922,,,,,
naive,4,2.455,SAT_M,BRO,10000,10.436027678594757,2.4721907904692495,0.6087074361606408,0.6087135332640213,,,,,
naive,5,2.455,SAT_M,BRO,10000,8.690341774099856,2.212882323138788,0.6741608763262976,0.674239748339723,,,,,
naive,3,2.174,SAT_M,PSO,10000,16.88056265835832,2.8650718800920525,0.4658764788898191,0.4665019481179785,,,,,
naive,4,2.174,SAT_M,PSO,10000,12.707468447131761,2.501654227952711,0.597918746623187,0.6050076592645319,,,,,
naive,5,2.174,SAT_M,PSO,10000,13.000394565624738,2.4794988535898987,0.5886501734718568,0.5997560124217346,,,,,
naive,3,2.518,SAT_L,CRO,10000,32.81590086670085,4.695549776939352,0.8327176682668715,0.8327264034242978,,,,,
naive,4,2.518,SAT_L,CRO,10000,22.327769832288492,3.2572711484436927,0.8861819635816897,0.8877356062316638,,,,,
naive,5,2.518,SAT_L,CRO,10000,22.930659411117016,3.2963102109548053,0.8831086737477855,0.883333841388386,,,,,
naive,3,6.351,SAT_L,BBO,10000,99.37290418952823,7.574009746303771,0.5675665926728566,0.5735016794886829,,,,,
naive,4,6.351,SAT_L,BBO,10000,90.44993468417964,6.751843289149793,0.6063959912714405,0.6216891309164996,,,,,
naive,5,6.351,SAT_L,BBO,10000,75.6942462919103,6.073887043088825,0.6706071830542304,0.6788412057441265,,,,,
naive,3,24.859,SAT_L,ACO,10000,44.51090172096418,5.436817862910793,0.7207189633210724,0.7207532369591806,,,,,
naive,4,24.859,SAT_L,ACO,10000,31.172009582556385,4.171900825736595,0.8044130580378358,0.8044618251663264,,,,,
naive,5,24.859,SAT_L,ACO,10000,36.43167155623683,4.3550336959805565,0.7714116181254568,0.7715293213529756,,,,,
naive,3,7.682,SAT_L,BRO,10000,21.796351693406837,3.4978199574218345,0.569814078592267,0.5698152368912118,,,,,
naive,4,7.682,SAT_L,BRO,10000,15.960076572507086,2.9584870889575834,0.6850023186146899,0.6856313063615112,,,,,
naive,5,7.682,SAT_L,BRO,10000,14.125142336005776,2.7537634655630865,0.7212176855878096,0.7227525669528361,,,,,
naive,3,7.49,SAT_L,PSO,10000,41.26689228187588,4.794301848951228,0.6306051387361937,0.6338985110107416,,,,,
naive,4,7.49,SAT_L,PSO,10000,37.03417299095091,4.4164565278026835,0.6684937382595109,0.6685080650985087,,,,,
naive,5,7.49,SAT_L,PSO,10000,30.388267905753914,3.928583825918197,0.7279836356365657,0.7299447069571472,,,,,
naive,3,1.938,GC_S,CRO,10000,290.28788958298287,12.377117516196146,0.691718420673438,0.6918500489589452,,,,,
naive,4,1.938,GC_S,CRO,10000,249.75235842468305,10.18817127628035,0.734766573947326,0.7348401643314897,,,,,
naive,5,1.938,GC_S,CRO,10000,212.49443446954658,9.325596672248187,0.7743339553348814,0.774617041290107,,,,,
naive,3,6.857,GC_S,BBO,10000,531.2121107180208,16.34138884330831,0.8021786889177163,0.8021793048320723,,,,,
naive,4,6.857,GC_S,BBO,10000,292.5929315666279,12.117298630259992,0.8910395373748475,0.8919034215008744,,,,,
naive,5,6.857,GC_S,BBO,10000,279.03387210512324,9.492407711395325,0.8960888780536433,0.8972181382883166,,,,,
naive,3,28.411,GC_S,ACO,10000,542.8641391677235,18.533658159473372,0.4237566018418414,0.42399186561526114,,,,,
naive,4,28.411,GC_S,ACO,10000,511.46290017930016,17.454529593213806,0.4570886187416995,0.4571136438689918,,,,,
naive,5,28.411,GC_S,ACO,10000,644.206903652011,18.411636072261068,0.3161825427509256,0.3164301298143414,,,,,
naive,3,2.467,GC_S,BRO,10000,8287.757803471146,72.08950100361363,0.6337976562628558,0.6337985791080967,,,,,
naive,4,2.467,GC_S,BRO,10000,6756.644764364532,65.11002395767954,0.7014513204677277,0.7015451647632756,,,,,
naive,5,2.467,GC_S,BRO,10000,5697.234574910061,59.73945628083422,0.7482623523000951,0.7484566388436775,,,,,
naive,3,2.129,GC_S,PSO,10000,1030.4126518008522,22.609759729254826,0.6629703581496978,0.663071523566455,,,,,
naive,4,2.129,GC_S,PSO,10000,847.2324965815013,19.32211361036996,0.7228853271669771,0.7231203039765304,,,,,
naive,5,2.129,GC_S,PSO,10000,535.7730737865127,16.460918436869605,0.8247581618337865,0.8251434106141882,,,,,
naive,3,0.867,GC_L,CRO,10000,67.9758334073426,5.266169846464372,0.8136890026809145,0.8159070160092265,,,,,
naive,4,0.867,GC_L,CRO,10000,55.95509848395453,4.794876262898702,0.8466359339625673,0.8467012805829761,,,,,
naive,5,0.867,GC_L,CRO,10000,43.035955998059364,4.153870321990076,0.882045258135627,0.8826540954298084,,,,,
naive,3,3.977,GC_L,BBO,10000,168.73196433716151,9.872286837376462,0.6859540974255691,0.6936802985867957,,,,,
naive,4,3.977,GC_L,BBO,10000,121.22736052259911,7.765633060757039,0.7743702208316505,0.7827195257449046,,,,,
naive,5,3.977,GC_L,BBO,10000,123.49610513431927,7.2914754662711925,0.7701476068645967,0.7769541055855258,,,,,
naive,3,16.352,GC_L,ACO,10000,77.64624632142359,6.913951030307694,0.4155263659715469,0.49297174855318115,,,,,
naive,4,16.352,GC_L,ACO,10000,100.66480351138921,7.523351365414541,0.24225669218438117,0.3766849743142051,,,,,
naive,5,16.352,GC_L,ACO,10000,98.10159485354306,7.067500532254634,0.26155096524972543,0.401242590702804,,,,,
naive,3,1.603,GC_L,BRO,10000,3633.6568022116317,46.816238276643176,0.5632982715501045,0.563671998095679,,,,,
naive,4,1.603,GC_L,BRO,10000,2869.8053761324068,40.52547660830527,0.6550997971770387,0.6551823987983142,,,,,
naive,5,1.603,GC_L,BRO,10000,2521.1437021973634,37.68282907801554,0.6970028067180041,0.697089636093488,,,,,
naive,3,1.373,GC_L,PSO,10000,165.91111845433883,9.505869507637376,0.5564838115546618,0.5617983135923107,,,,,
naive,4,1.373,GC_L,PSO,10000,144.8998186694451,8.74553083176147,0.6126515457107251,0.6127012363236718,,,,,
naive,5,1.373,GC_L,PSO,10000,152.06178108227965,8.971757409257409,0.5935060761320641,0.5937473668017084,,,,,
naive,3,3.955,BT,CRO,10000,27.914000925447073,4.071735271074879,0.8493136964974899,0.8521252608095267,,,,,
naive,4,3.955,BT,CRO,10000,14.861535216056922,2.738254095509903,0.9197739581631067,0.9197742455688064,,,,,
naive,5,3.955,BT,CRO,10000,18.687204303195763,2.5182524336445575,0.899122101960034,0.89922574897542,,,,,
naive,3,12.95,BT,BBO,10000,32.481843042274825,4.337360629285457,0.9113355347112653,0.9134272236484394,,,,,
naive,4,12.95,BT,BBO,10000,22.918633616192142,3.4916380589256306,0.9374398678029637,0.9375367050119817,,,,,
naive,5,12.95,BT,BBO,10000,16.572831208679702,2.6901729872741273,0.954761765964893,0.9547618888277233,,,,,
naive,3,43.637,BT,ACO,10000,42.27439255433952,5.328110006424277,0.6947783876000075,0.6947991331625154,,,,,
naive,4,43.637,BT,ACO,10000,37.155930129367064,4.734872993922947,0.7317337466238121,0.7322836642890174,,,,,
naive,5,43.637,BT,ACO,10000,48.46233700914271,5.2309896116775425,0.6501013557181445,0.6517086135598853,,,,,
naive,3,10.162,BT,BRO,10000,29.638932780792338,4.361983949206723,0.21412313926187732,0.21421995298651153,,,,,
naive,4,10.162,BT,BRO,10000,27.882262562011817,4.164135643280853,0.26070128318823504,0.26078211436361043,,,,,
naive,5,10.162,BT,BRO,10000,26.308980128722546,4.057061762424786,0.302416896529383,0.30241800132794416,,,,,
naive,3,8.679,BT,PSO,10000,33.6736743607272,4.369085651154121,0.8318323127507923,0.8318329331936551,,,,,
naive,4,8.679,BT,PSO,10000,35.37249435302508,4.607198225074222,0.823348337224479,0.8235669500016312,,,,,
naive,5,8.679,BT,PSO,10000,32.59613324626741,4.283690415244884,0.8372135965154762,0.837297731982642,,,,,
ps,3,201.414,BT,ACO,10000,40.92508810969778,4.945010894697509,0.7701617905175817,0.7710920390488708,5000.0,100.0,False,simplicity variance,
ps,3,198.535,BT,ACO,10000,58.906208652752035,6.261242934202162,0.7255901040511203,0.7294952365257732,5000.0,100.0,False,simplicity variance estimated_atomicity,
ps,4,252.944,BT,ACO,10000,26.191695643531848,3.849219740178425,0.8040365512605849,0.8181198638177105,5000.0,100.0,False,simplicity variance,
ps,4,259.284,BT,ACO,10000,60.23613272463403,5.599106577568999,0.6839762883634335,0.6876774817214943,5000.0,100.0,False,simplicity variance estimated_atomicity,
ps,5,370.48,BT,ACO,10000,42.8996799798431,4.86434955236193,0.710271535445981,0.7109601042558257,5000.0,100.0,False,simplicity variance,
ps,5,355.732,BT,ACO,10000,63.5708354415013,5.955413343866487,0.6124727079991366,0.62313862205965,5000.0,100.0,False,simplicity variance estimated_atomicity,
ps,3,108.262,BT,BBO,10000,22.21120253179812,3.4531189326124263,0.9316256450623117,0.9318985683114799,5000.0,100.0,False,simplicity variance,
ps,3,128.986,BT,BBO,10000,36.543241594644705,3.4966764240817807,0.9062532761075842,0.9069508735574114,5000.0,100.0,False,simplicity variance estimated_atomicity,
ps,4,194.563,BT,BBO,10000,17.28673049268514,2.4123764138337482,0.9526391120693771,0.9532870141080803,5000.0,100.0,False,simplicity variance,
ps,4,209.105,BT,BBO,10000,20.909732987326663,2.685767304779227,0.9391683308177803,0.9391749136947212,5000.0,100.0,False,simplicity variance estimated_atomicity,
ps,5,329.298,BT,BBO,10000,17.357265768190775,2.523617316008758,0.9468725445356533,0.9470187027613806,5000.0,100.0,False,simplicity variance,
ps,5,353.422,BT,BBO,10000,19.49942311847899,2.752752438336924,0.9521001185864774,0.9521875783200685,5000.0,100.0,False,simplicity variance estimated_atomicity,
ps,3,92.528,BT,BRO,10000,21.6783125801939,3.6673246161057977,0.2865756931380481,0.28669988470712093,5000.0,100.0,False,simplicity variance,
ps,3,159.507,BT,BRO,10000,18.081699245275544,3.3780421420225766,0.2343124070166015,0.2344894710776767,5000.0,100.0,False,simplicity variance estimated_atomicity,
ps,4,159.13,BT,BRO,10000,31.039376303466376,4.384557936086364,0.3275270246706423,0.32752873495739643,5000.0,100.0,False,simplicity variance,
ps,4,254.623,BT,BRO,10000,22.031899321005454,3.6597756937882333,0.24875554905267994,0.24967670272583253,5000.0,100.0,False,simplicity variance estimated_atomicity,
ps,5,181.658,BT,BRO,10000,18.87571872030746,3.3437324691658414,0.29159836533425654,0.292584230198085,5000.0,100.0,False,simplicity variance,
ps,5,403.779,BT,BRO,10000,25.382121810400353,3.9677219752836828,0.22391573183863134,0.22394826916730193,5000.0,100.0,False,simplicity variance estimated_atomicity,
ps,3,75.611,BT,CRO,10000,26.388949250455514,3.4060808200874098,0.8425680555323544,0.8428371756403081,5000.0,100.0,False,simplicity variance,
ps,3,82.517,BT,CRO,10000,24.55011461866563,3.387979369027717,0.8179107524070123,0.8183635041861789,5000.0,100.0,False,simplicity variance estimated_atomicity,
ps,4,138.359,BT,CRO,10000,7.089099377338274,1.6498062885613838,0.9438011261642127,0.9438835117812402,5000.0,100.0,False,simplicity variance,
ps,4,146.684,BT,CRO,10000,14.19044181313489,2.3893210218766403,0.9169919755861811,0.9172963476157213,5000.0,100.0,False,simplicity variance estimated_atomicity,
ps,5,270.453,BT,CRO,10000,7.896568753309121,1.5554217248592295,0.9556322777370164,0.9556851534862004,5000.0,100.0,False,simplicity variance,
ps,5,300.242,BT,CRO,10000,11.077587555245165,2.156965394101917,0.925073296178054,0.9279494329132816,5000.0,100.0,False,simplicity variance estimated_atomicity,
ps,3,92.831,BT,PSO,10000,22.698499784750776,3.2654785216837166,0.8873696201034572,0.8878484902485856,5000.0,100.0,False,simplicity variance,
ps,3,93.395,BT,PSO,10000,34.658781694509656,3.948279281621739,0.6911625455296488,0.6960414919122468,5000.0,100.0,False,simplicity variance estimated_atomicity,
ps,4,174.929,BT,PSO,10000,26.86286814272726,3.5852246803899273,0.8182775473515932,0.826001078143008,5000.0,100.0,False,simplicity variance,
ps,4,180.577,BT,PSO,10000,32.67601674737022,4.131581922817336,0.7002258493690876,0.7005478902887338,5000.0,100.0,False,simplicity variance estimated_atomicity,
ps,5,298.485,BT,PSO,10000,33.49072455309479,4.038169504835695,0.8256925486693123,0.8257539125280932,5000.0,100.0,False,simplicity variance,
ps,5,292.071,BT,PSO,10000,25.60405231918697,3.4965240976157794,0.868566245005733,0.8707747527258778,5000.0,100.0,False,simplicity variance estimated_atomicity,
ps,3,103.425,GC_L,ACO,10000,143.78285169450737,9.022998213462147,0.3146901955602709,0.3270509479796555,5000.0,100.0,False,simplicity variance,
ps,3,101.778,GC_L,ACO,10000,207.23157581002192,10.946636913252647,0.4861301657349404,0.5087180433153262,5000.0,100.0,False,simplicity variance estimated_atomicity,
ps,4,168.31,GC_L,ACO,10000,134.43735335537747,8.654949758603063,0.3989305133765396,0.4040400097121255,5000.0,100.0,False,simplicity variance,
ps,4,154.843,GC_L,ACO,10000,190.2554371332746,10.747834279673938,0.3082456635298464,0.3110879860967739,5000.0,100.0,False,simplicity variance estimated_atomicity,
ps,5,234.251,GC_L,ACO,10000,123.48402449575497,8.39521596977125,0.1355184516086596,0.14015331173619328,5000.0,100.0,False,simplicity variance,
ps,5,215.659,GC_L,ACO,10000,115.54084525785605,8.102814412625285,0.22093606688207967,0.24231400340408915,5000.0,100.0,False,simplicity variance estimated_atomicity,
ps,3,68.381,GC_L,BBO,10000,94.96415818261039,7.127177111248151,0.8502310351736581,0.8520151444494387,5000.0,100.0,False,simplicity variance,
ps,3,67.534,GC_L,BBO,10000,110.16910910776,7.939114537594841,0.8002911035888558,0.8020662925977808,5000.0,100.0,False,simplicity variance estimated_atomicity,
ps,4,136.681,GC_L,BBO,10000,50.905656500926526,4.477189930071653,0.9017560824590227,0.9041684617073688,5000.0,100.0,False,simplicity variance,
ps,4,120.074,GC_L,BBO,10000,73.02938727228543,6.092793955005294,0.8565441683689228,0.8573535343754725,5000.0,100.0,False,simplicity variance estimated_atomicity,
ps,5,252.994,GC_L,BBO,10000,54.97882882997359,4.216918048157609,0.9180444730106908,0.9182459376744485,5000.0,100.0,False,simplicity variance,
ps,5,224.734,GC_L,BBO,10000,110.74351632911882,6.8694369648679565,0.8111217137759279,0.8150789661581834,5000.0,100.0,False,simplicity variance estimated_atomicity,
ps,3,38.129,GC_L,BRO,10000,7586.260243961922,72.143659821151,-0.004509217126291265,0.0,5000.0,100.0,False,simplicity variance,
ps,3,91.602,GC_L,BRO,10000,3945.513604462961,48.990268236324475,0.5283447943989092,0.5285811907253994,5000.0,100.0,False,simplicity variance estimated_atomicity,
ps,4,138.103,GC_L,BRO,10000,3690.500015635604,46.97973109895321,0.49199309323424356,0.49325743407952205,5000.0,100.0,False,simplicity variance,
ps,4,161.963,GC_L,BRO,10000,2833.574460237024,41.25639036922619,0.5710411656012518,0.5710498574628045,5000.0,100.0,False,simplicity variance estimated_atomicity,
ps,5,205.857,GC_L,BRO,10000,4209.865743238072,49.413892256228706,0.515672660658431,0.5157174760052857,5000.0,100.0,False,simplicity variance,
ps,5,290.251,GC_L,BRO,10000,2903.2696300380703,41.59580943830161,0.5929705813221244,0.5930157037759926,5000.0,100.0,False,simplicity variance estimated_atomicity,
ps,3,60.509,GC_L,CRO,10000,37.07405914629167,4.132315804712544,0.8604722846694448,0.860489161216765,5000.0,100.0,False,simplicity variance,
ps,3,57.054,GC_L,CRO,10000,117.38070296697038,6.197716137610703,0.7062197457325481,0.7081606333804438,5000.0,100.0,False,simplicity variance estimated_atomicity,
ps,4,127.237,GC_L,CRO,10000,32.685643582718654,2.8922411160022157,0.869018884958109,0.8690355404850738,5000.0,100.0,False,simplicity variance,
ps,4,142.137,GC_L,CRO,10000,63.84366474069396,4.9548697995371835,0.8443153786603463,0.8448627380312975,5000.0,100.0,False,simplicity variance estimated_atomicity,
ps,5,224.561,GC_L,CRO,10000,47.85292564254526,4.395438168301108,0.838691250735545,0.8390764691798798,5000.0,100.0,False,simplicity variance,
ps,5,227.809,GC_L,CRO,10000,52.6557103708703,4.144755398259733,0.8588919738320305,0.8603191819474456,5000.0,100.0,False,simplicity variance estimated_atomicity,
ps,3,69.224,GC_L,PSO,10000,69.06524052634605,6.207659449108855,0.8286057117208421,0.8315206298704081,5000.0,100.0,False,simplicity variance,
ps,3,62.323,GC_L,PSO,10000,87.16475183319457,6.83925602791927,0.8073208903001728,0.808334642268387,5000.0,100.0,False,simplicity variance estimated_atomicity,
ps,4,133.774,GC_L,PSO,10000,50.477131017997834,5.104015052871522,0.8393604334891818,0.8417835356998958,5000.0,100.0,False,simplicity variance,
ps,4,132.862,GC_L,PSO,10000,83.99848096308445,6.12243183580861,0.8444589325418201,0.8460271541355894,5000.0,100.0,False,simplicity variance estimated_atomicity,
ps,5,236.003,GC_L,PSO,10000,125.36618798951683,8.716456679890703,0.3954497269010975,0.3954643968329442,5000.0,100.0,False,simplicity variance,
ps,5,239.284,GC_L,PSO,10000,57.99838199437346,5.7112928045337,0.8159426601141269,0.8160475154252443,5000.0,100.0,False,simplicity variance estimated_atomicity,
ps,3,151.626,GC_S,ACO,10000,512.7466021599663,17.644264677446547,0.5202018417779504,0.522923505160704,5000.0,100.0,False,simplicity variance,
ps,3,154.138,GC_S,ACO,10000,433.3642455972234,15.804421086823647,0.6290935085781275,0.6295854354444881,5000.0,100.0,False,simplicity variance estimated_atomicity,
ps,4,236.8,GC_S,ACO,10000,846.893019585116,19.660186524794092,0.304100665098364,0.30453766811285765,5000.0,100.0,False,simplicity variance,
ps,4,240.06,GC_S,ACO,10000,941.0710573402993,23.13780635737561,0.1606902341018548,0.16100815542193425,5000.0,100.0,False,simplicity variance estimated_atomicity,
ps,5,334.556,GC_S,ACO,10000,518.554804549543,17.94754174341092,0.4142263019054615,0.41712917650740855,5000.0,100.0,False,simplicity variance,
ps,5,331.763,GC_S,ACO,10000,646.0071192871782,20.459447711172324,0.5625047499150791,0.5660834156244436,5000.0,100.0,False,simplicity variance estimated_atomicity,
ps,3,81.874,GC_S,BBO,10000,189.80066910186957,9.692872295441997,0.9380032812591376,0.9380047369810434,5000.0,100.0,False,simplicity variance,
ps,3,90.422,GC_S,BBO,10000,180.51327531211612,9.221529562603044,0.9134756729204525,0.9134826600186227,5000.0,100.0,False,simplicity variance estimated_atomicity,
ps,4,151.446,GC_S,BBO,10000,216.84360308480737,7.943083923246249,0.9303812910731045,0.9307122676750448,5000.0,100.0,False,simplicity variance,
ps,4,146.159,GC_S,BBO,10000,155.51857537218206,7.101211748194702,0.9151403788704038,0.9151583039594517,5000.0,100.0,False,simplicity variance estimated_atomicity,
ps,5,286.365,GC_S,BBO,10000,138.66380878878977,7.544977850205343,0.947218963407742,0.9476151805970126,5000.0,100.0,False,simplicity variance,
ps,5,301.102,GC_S,BBO,10000,137.16032275709026,7.730943924352786,0.951826676946817,0.95250418971291,5000.0,100.0,False,simplicity variance estimated_atomicity,
ps,3,86.409,GC_S,BRO,10000,10637.147799423727,80.00447120340844,0.5582374525786036,0.5582436673798866,5000.0,100.0,False,simplicity variance,
ps,3,160.018,GC_S,BRO,10000,11675.682131896814,83.56961135994106,0.4865734867534547,0.4869535449320749,5000.0,100.0,False,simplicity variance estimated_atomicity,
ps,4,143.735,GC_S,BRO,10000,12504.635937444875,86.89908075340483,0.46453352406614445,0.4649977137492205,5000.0,100.0,False,simplicity variance,
ps,4,260.694,GC_S,BRO,10000,12518.300540350569,85.17018879576011,0.48580371861543226,0.4858852501943117,5000.0,100.0,False,simplicity variance estimated_atomicity,
ps,5,293.147,GC_S,BRO,10000,12012.61601750546,83.73596807900616,0.5204264846835585,0.5229370639055646,5000.0,100.0,False,simplicity variance,
ps,5,426.439,GC_S,BRO,10000,9325.29706761477,75.01596114581697,0.6006763113578788,0.6010815848818593,5000.0,100.0,False,simplicity variance estimated_atomicity,
ps,3,68.951,GC_S,CRO,10000,234.71401530992856,10.308948107713926,0.8837164384215275,0.8839183192049257,5000.0,100.0,False,simplicity variance,
ps,3,73.688,GC_S,CRO,10000,122.4245981372525,8.029386636614236,0.8305306888444925,0.8307205689280571,5000.0,100.0,False,simplicity variance estimated_atomicity,
ps,4,142.519,GC_S,CRO,10000,88.78617675663361,6.025614755172391,0.932098802190628,0.9328015655492821,5000.0,100.0,False,simplicity variance,
ps,4,147.963,GC_S,CRO,10000,74.21357363625624,5.983105857603658,0.9178038769733146,0.9197709562795244,5000.0,100.0,False,simplicity variance estimated_atomicity,
ps,5,258.118,GC_S,CRO,10000,218.87541431409292,7.600119708621262,0.7927615906883724,0.7930841510152609,5000.0,100.0,False,simplicity variance,
ps,5,260.364,GC_S,CRO,10000,109.28160103067393,6.855869636840371,0.9123406895111799,0.9124351988840659,5000.0,100.0,False,simplicity variance estimated_atomicity,
ps,3,70.323,GC_S,PSO,10000,423.1360301973896,14.183361611530442,0.8514228338571249,0.8525619063763582,5000.0,100.0,False,simplicity variance,
ps,3,75.547,GC_S,PSO,10000,395.11248366332075,12.94570983853814,0.8479281995751461,0.8497578028993856,5000.0,100.0,False,simplicity variance estimated_atomicity,
ps,4,142.202,GC_S,PSO,10000,217.51429587100031,10.393213936874039,0.8670922136407679,0.8705116950965297,5000.0,100.0,False,simplicity variance,
ps,4,103.273,GC_S,PSO,10000,948.2016480174506,25.701105684439014,-0.272943739880229,-0.25509187825925483,5000.0,100.0,False,simplicity variance estimated_atomicity,
ps,5,260.838,GC_S,PSO,10000,299.2092207180148,11.55985735620601,0.8152271811551972,0.8194734274988773,5000.0,100.0,False,simplicity variance,
ps,5,272.706,GC_S,PSO,10000,302.6790276165852,11.128180474452769,0.8704781921586104,0.8712444519751382,5000.0,100.0,False,simplicity variance estimated_atomicity,
iai,3,11.152,SAT_S,ACO,10000,8.25490782912271,2.4128455867887166,-0.030279043356437718,0.020200303999729163,,,,,0.25
iai,4,11.152,SAT_S,ACO,10000,7.981753183438741,2.3499562343375726,0.0038128584393396503,0.031796234015776914,,,,,0.25
iai,5,11.152,SAT_S,ACO,10000,7.981753183438741,2.3499562343375726,0.0038128584393396503,0.031796234015776914,,,,,0.25
iai,3,14.335,SAT_M,ACO,10000,24.520628156319052,3.7744879736669565,0.5583989604715535,0.5761624616163157,,,,,0.25
iai,4,14.335,SAT_M,ACO,10000,17.690488393797562,3.1271614743448106,0.681405467483764,0.6848151338048787,,,,,0.25
iai,5,14.335,SAT_M,ACO,10000,19.08753755653204,2.9525092018820467,0.656245493660789,0.6746085959540677,,,,,0.25
iai,3,27.645,SAT_L,ACO,10000,59.13677426079007,5.852178555305798,0.6297556928404312,0.6352026387457363,,,,,0.25
iai,4,27.645,SAT_L,ACO,10000,55.59975940779892,5.648955717823051,0.6519002827344238,0.6682800819671004,,,,,0.25
iai,5,27.645,SAT_L,ACO,10000,60.50379518730461,5.5719557359340675,0.6211970299418093,0.6341954234895889,,,,,0.25
iai,3,42.69,GC_S,ACO,10000,680.6418911184646,21.164232064232063,0.49163938682662744,0.5068434578732793,,,,,0.25
iai,4,42.69,GC_S,ACO,10000,680.6418911184646,21.164232064232063,0.49163938682662744,0.5068434578732793,,,,,0.25
iai,5,42.69,GC_S,ACO,10000,680.6418911184646,21.164232064232063,0.49163938682662744,0.5068434578732793,,,,,0.25
iai,3,20.481,GC_L,ACO,10000,126.30344866175545,9.024766798136168,0.3325430426422583,0.3337692849946986,,,,,0.25
iai,4,20.481,GC_L,ACO,10000,126.30344866175545,9.024766798136168,0.3325430426422583,0.3337692849946986,,,,,0.25
iai,5,20.481,GC_L,ACO,10000,126.30344866175545,9.024766798136168,0.3325430426422583,0.3337692849946986,,,,,0.25
iai,3,49.549,BT,ACO,10000,61.01034157786862,6.044289022144556,0.6716014456652843,0.6742740272621326,,,,,0.25
iai,4,49.549,BT,ACO,10000,53.087028732936716,5.315984201249341,0.7142500264881985,0.7147509699238013,,,,,0.25
iai,5,49.549,BT,ACO,10000,53.087028732936716,5.315984201249341,0.7142500264881985,0.7147509699238013,,,,,0.25
iai,3,8.128,SAT_S,BBO,10000,4.969303065666321,1.9228034371643414,0.5445611061318836,0.54492905888967,,,,,0.25
iai,4,8.128,SAT_S,BBO,10000,4.446773392661379,1.6885455771608413,0.592451189135853,0.5991414106729878,,,,,0.25
iai,5,8.128,SAT_S,BBO,10000,4.446773392661379,1.6885455771608413,0.592451189135853,0.5991414106729878,,,,,0.25
iai,3,6.5,SAT_M,BBO,10000,34.891828596905135,4.687935847332896,0.32103078020560616,0.37507008730919433,,,,,0.25
iai,4,6.5,SAT_M,BBO,10000,27.558160081475357,3.687120523497461,0.46373855421415244,0.47166216973445363,,,,,0.25
iai,5,6.5,SAT_M,BBO,10000,25.16758292465367,3.9713372726931917,0.5102574204443244,0.606598701008419,,,,,0.25
iai,3,13.888,SAT_L,BBO,10000,85.66187077545887,6.929403426462255,0.543478662671586,0.5456357677608017,,,,,0.25
iai,4,13.888,SAT_L,BBO,10000,50.16574492404252,5.611955241963008,0.7326496286681488,0.7381786626499058,,,,,0.25
iai,5,13.888,SAT_L,BBO,10000,30.38901198638286,4.304755238755242,0.838046586345541,0.8382337359042995,,,,,0.25
iai,3,19.818,GC_S,BBO,10000,640.9886832441614,18.698326609750744,0.7281895124824656,0.7318443943541655,,,,,0.25
iai,4,19.818,GC_S,BBO,10000,371.1438040001178,13.324999544254394,0.842616912058715,0.8435926915059659,,,,,0.25
iai,5,19.818,GC_S,BBO,10000,314.50814085839306,11.555960859521218,0.8666331975436917,0.8666352434811091,,,,,0.25
iai,3,9.198,GC_L,BBO,10000,147.23353480278308,9.18653754349243,0.7592742313548975,0.7708301454895836,,,,,0.25
iai,4,9.198,GC_L,BBO,10000,144.58678051660138,8.26915388861445,0.7636016555440216,0.7674441752590236,,,,,0.25
iai,5,9.198,GC_L,BBO,10000,116.43009119920758,8.093413034522008,0.8096376397205208,0.8148238560043084,,,,,0.25
iai,3,27.232,BT,BBO,10000,91.45535141215481,6.919852780317704,0.7770146922927355,0.7770169732237637,,,,,0.25
iai,4,27.232,BT,BBO,10000,91.45535141215481,6.919852780317704,0.7770146922927355,0.7770169732237637,,,,,0.25
iai,5,27.232,BT,BBO,10000,37.17009306439803,4.3475482509913475,0.9093723383980034,0.9094597648854057,,,,,0.25
iai,3,5.437,SAT_S,BRO,10000,8.293809918862445,2.2853484534098563,0.17546579624149716,0.20096183522766575,,,,,0.25
iai,4,5.437,SAT_S,BRO,10000,5.844514826889299,1.9151362811643484,0.4189639711679223,0.43805045275111865,,,,,0.25
iai,5,5.437,SAT_S,BRO,10000,5.730842771319788,1.908003670471899,0.430264748343372,0.457510391437156,,,,,0.25
iai,3,12.016,SAT_M,BRO,10000,14.254922163529617,2.914542635040681,0.33495202142807123,0.3351421192944305,,,,,0.25
iai,4,12.016,SAT_M,BRO,10000,12.243333415426328,2.7290879633515623,0.42880051918183804,0.42885079766749523,,,,,0.25
iai,5,12.016,SAT_M,BRO,10000,9.81630950134773,2.414656932346712,0.5420306953614913,0.5420474097773875,,,,,0.25
iai,3,15.042,SAT_L,BRO,10000,16.44528920822305,2.9208168672394867,0.6120349645395984,0.613097802473334,,,,,0.25
iai,4,15.042,SAT_L,BRO,10000,12.906451645151543,2.72352407330338,0.695520589101259,0.6961611675483417,,,,,0.25
iai,5,15.042,SAT_L,BRO,10000,12.906451645151543,2.72352407330338,0.695520589101259,0.6961611675483417,,,,,0.25
iai,3,40.331,GC_S,BRO,10000,13622.993018088444,94.46723050870594,0.4743116399450026,0.476335449635907,,,,,0.25
iai,4,40.331,GC_S,BRO,10000,10723.903486238758,82.78837522523695,0.5861826230415291,0.5881021855431868,,,,,0.25
iai,5,40.331,GC_S,BRO,10000,9015.690953407842,75.6258399029323,0.6520996681297078,0.6532001404609649,,,,,0.25
iai,3,24.395,GC_L,BRO,10000,3689.3750987090766,48.094326310873434,0.4521203733978718,0.45212339437269755,,,,,0.25
iai,4,24.395,GC_L,BRO,10000,3035.7603642878016,43.02426371801392,0.5491834767840464,0.5491838035687513,,,,,0.25
iai,5,24.395,GC_L,BRO,10000,2534.243767344362,38.61755907326779,0.6236597006747223,0.6236975794823307,,,,,0.25
iai,3,36.533,BT,BRO,10000,22.90569048383777,3.697363840227324,0.19223492079809923,0.19313320983324234,,,,,0.25
iai,4,36.533,BT,BRO,10000,19.31767414920737,3.3851718591905473,0.31876567527439226,0.32000197330277014,,,,,0.25
iai,5,36.533,BT,BRO,10000,17.538349515402775,3.229774483153117,0.38151324032881406,0.38390294111632306,,,,,0.25
iai,3,4.762,SAT_S,CRO,10000,8.563352019733472,2.4860098522167493,0.16152578717557553,0.168019340237885,,,,,0.25
iai,4,4.762,SAT_S,CRO,10000,8.563352019733472,2.4860098522167493,0.16152578717557553,0.168019340237885,,,,,0.25
iai,5,4.762,SAT_S,CRO,10000,8.563352019733472,2.4860098522167493,0.16152578717557553,0.168019340237885,,,,,0.25
iai,3,2.902,SAT_M,CRO,10000,54.48921514731573,4.544047617193169,0.4242000259753177,0.42537032645855843,,,,,0.25
iai,4,2.902,SAT_M,CRO,10000,23.264965562150707,3.36380811883908,0.7541537985057319,0.7547093348854408,,,,,0.25
iai,5,2.902,SAT_M,CRO,10000,19.07728883555579,2.911844003949271,0.7984059343435869,0.798430892450324,,,,,0.25
iai,3,6.062,SAT_L,CRO,10000,31.95939069639421,4.21009326295367,0.6665488555591457,0.6801230715116771,,,,,0.25
iai,4,6.062,SAT_L,CRO,10000,34.09968120985086,4.0647020793028945,0.644217944187029,0.6481924645745423,,,,,0.25
iai,5,6.062,SAT_L,CRO,10000,20.93931028799602,3.3854154500134954,0.7815278443302052,0.7825308892932126,,,,,0.25
iai,3,7.148,GC_S,CRO,10000,505.5510038812875,16.711239376751656,0.718381113074502,0.718449629870755,,,,,0.25
iai,4,7.148,GC_S,CRO,10000,502.05732758293516,16.041321243827777,0.7203272772060463,0.7266208912085843,,,,,0.25
iai,5,7.148,GC_S,CRO,10000,266.26861096931054,11.85896581460051,0.8516741747742947,0.8516972855892756,,,,,0.25
iai,3,3.469,GC_L,CRO,10000,264.756846486972,11.131719631719555,0.4290629995914996,0.4292392288354543,,,,,0.25
iai,4,3.469,GC_L,CRO,10000,99.1728766529846,6.457169337053377,0.7861378639705039,0.7862723582085293,,,,,0.25
iai,5,3.469,GC_L,CRO,10000,99.58880278650986,6.314509274426184,0.7852409367627003,0.7895738771573046,,,,,0.25
iai,3,7.857,BT,CRO,10000,62.121910619681906,5.242702487689502,0.7304448415493419,0.7317726060488469,,,,,0.25
iai,4,7.857,BT,CRO,10000,62.121910619681906,5.242702487689502,0.7304448415493419,0.7317726060488469,,,,,0.25
iai,5,7.857,BT,CRO,10000,32.204989873729815,3.573596566619202,0.8602583040070777,0.8604295466173892,,,,,0.25
iai,3,8.221,SAT_S,PSO,10000,3.8998128455559673,1.4723399529077257,0.40587408071600684,0.4463457036522771,,,,,0.25
iai,4,8.221,SAT_S,PSO,10000,3.8998128455559673,1.4723399529077257,0.40587408071600684,0.4463457036522771,,,,,0.25
iai,5,8.221,SAT_S,PSO,10000,3.8998128455559673,1.4723399529077257,0.40587408071600684,0.4463457036522771,,,,,0.25
iai,3,5.136,SAT_M,PSO,10000,22.381528164496146,3.581791441570942,0.43176454668107067,0.4428128196644818,,,,,0.25
iai,4,5.136,SAT_M,PSO,10000,21.88055850417614,3.459240185782992,0.4444834602395532,0.4484825545107657,,,,,0.25
iai,5,5.136,SAT_M,PSO,10000,20.14085311659685,3.3094918105118056,0.48865212791438417,0.4983704141958931,,,,,0.25
iai,3,11.91,SAT_L,PSO,10000,33.040961987206565,4.453510994291443,0.5999100136729465,0.6001186824595718,,,,,0.25
iai,4,11.91,SAT_L,PSO,10000,25.753810554344216,4.162306124827937,0.6881494637914374,0.7071434367583304,,,,,0.25
iai,5,11.91,SAT_L,PSO,10000,28.436339942582293,3.9013873561974823,0.6556669608099064,0.6560378176636839,,,,,0.25
iai,3,10.31,GC_S,PSO,10000,995.0792219040758,24.90026152271292,0.6042565173508083,0.6099225241392412,,,,,0.25
iai,4,10.31,GC_S,PSO,10000,451.77486477708726,16.291773602741355,0.82032892012543,0.8252339581583565,,,,,0.25
iai,5,10.31,GC_S,PSO,10000,397.3800778654429,14.442442512757248,0.8419617529055018,0.8437909485867212,,,,,0.25
iai,3,4.27,GC_L,PSO,10000,157.3074366353408,9.73974340064328,0.6462296798135951,0.6609005685762538,,,,,0.25
iai,4,4.27,GC_L,PSO,10000,125.93687149753501,8.2112868532139,0.7167792679996678,0.7213797433018242,,,,,0.25
iai,5,4.27,GC_L,PSO,10000,125.93687149753501,8.2112868532139,0.7167792679996678,0.7213797433018242,,,,,0.25
iai,3,16.348,BT,PSO,10000,51.0348039105241,5.367317585271961,0.74467908165337,0.746499478695941,,,,,0.25
iai,4,16.348,BT,PSO,10000,32.6894656674565,4.383868841066,0.8364585781673887,0.83661283599564,,,,,0.25
iai,5,16.348,BT,PSO,10000,30.40359237045252,4.142413593127462,0.8478945243197112,0.84869964641725,,,,,0.25
ps,3,113.047,SAT_L,ACO,10000,57.65813682933938,5.175360558333855,0.6778464972685868,0.6794959094745703,5000.0,100.0,False,simplicity variance,
ps,3,107.156,SAT_L,ACO,10000,41.61384575304904,4.592694719524159,0.77702643820095,0.784731056221691,5000.0,100.0,False,simplicity variance estimated_atomicity,
ps,4,166.72,SAT_L,ACO,10000,28.901620546671747,3.9764268460782257,0.8177343566406846,0.8177658187332661,5000.0,100.0,False,simplicity variance,
ps,4,164.943,SAT_L,ACO,10000,40.61108940262986,4.302405242029149,0.7796206650562496,0.782469275378797,5000.0,100.0,False,simplicity variance estimated_atomicity,
ps,5,288.973,SAT_L,ACO,10000,32.746658558491546,4.136254358549134,0.8145008815714596,0.8145475522960863,5000.0,100.0,False,simplicity variance,
ps,5,283.925,SAT_L,ACO,10000,28.766491472095773,4.022530312471849,0.8468409398652583,0.847231975633702,5000.0,100.0,False,simplicity variance estimated_atomicity,
ps,3,73.219,SAT_L,BBO,10000,25.953856752427427,3.8094070214628943,0.857376205247956,0.8573878439461973,5000.0,100.0,False,simplicity variance,
ps,3,80.402,SAT_L,BBO,10000,34.26446799477472,4.3456610847617005,0.7492890172217751,0.7602463377512938,5000.0,100.0,False,simplicity variance estimated_atomicity,
ps,4,136.286,SAT_L,BBO,10000,24.404572706702755,3.4837160005857264,0.883303586061569,0.885834623769824,5000.0,100.0,False,simplicity variance,
ps,4,133.812,SAT_L,BBO,10000,31.099024674863305,3.587084154664048,0.8419327025607993,0.8430870405316683,5000.0,100.0,False,simplicity variance estimated_atomicity,
ps,5,262.644,SAT_L,BBO,10000,28.98083254348496,3.7316907055386137,0.8688793657116959,0.869238597609526,5000.0,100.0,False,simplicity variance,
ps,5,252.622,SAT_L,BBO,10000,27.925635942475193,3.5204232526058177,0.8536598227586928,0.8537865885959076,5000.0,100.0,False,simplicity variance estimated_atomicity,
ps,3,81.662,SAT_L,BRO,10000,12.87254240466511,2.4174708428382887,0.7032049582768134,0.7035878097848292,5000.0,100.0,False,simplicity variance,
ps,3,91.334,SAT_L,BRO,10000,15.807186181299361,3.054698408079178,0.7092536589537319,0.7092917985592488,5000.0,100.0,False,simplicity variance estimated_atomicity,
ps,4,148.012,SAT_L,BRO,10000,8.046042336201817,2.0779749420242304,0.8007508443890994,0.8009066043347179,5000.0,100.0,False,simplicity variance,
ps,4,181.675,SAT_L,BRO,10000,13.257253560517933,2.7626051212448877,0.7101715427375332,0.7102431337130535,5000.0,100.0,False,simplicity variance estimated_atomicity,
ps,5,234.648,SAT_L,BRO,10000,26.057732373959627,3.3340587558914474,0.63477579697779,0.6395419914739069,5000.0,100.0,False,simplicity variance,
ps,5,277.745,SAT_L,BRO,10000,10.430192310545264,2.267760148760426,0.7073088624588637,0.7073091032278647,5000.0,100.0,False,simplicity variance estimated_atomicity,
ps,3,65.64,SAT_L,CRO,10000,24.470269447272287,3.1406389450469745,0.840993007268596,0.8449719428761258,5000.0,100.0,False,simplicity variance,
ps,3,66.484,SAT_L,CRO,10000,10.024790759677082,2.3231959552108554,0.917609603820247,0.9182215620719876,5000.0,100.0,False,simplicity variance estimated_atomicity,
ps,4,131.845,SAT_L,CRO,10000,13.819931941069363,2.5562100622513033,0.910900663536296,0.9109545742909593,5000.0,100.0,False,simplicity variance,
ps,4,138.451,SAT_L,CRO,10000,15.969492828170702,2.6731373326688286,0.8470002991541258,0.8499837207239074,5000.0,100.0,False,simplicity variance estimated_atomicity,
ps,5,236.67,SAT_L,CRO,10000,15.532352687504591,2.6264163306214114,0.9217753176241998,0.924941274126273,5000.0,100.0,False,simplicity variance,
ps,5,238.44,SAT_L,CRO,10000,25.796148959919886,3.253048477335717,0.8327761512437749,0.8327816746034233,5000.0,100.0,False,simplicity variance estimated_atomicity,
ps,3,73.198,SAT_L,PSO,10000,16.322998193236238,2.998308022782548,0.8375361166211399,0.8397197874093687,5000.0,100.0,False,simplicity variance,
ps,3,74.191,SAT_L,PSO,10000,15.915875226432691,2.8550476018937916,0.8078849840561497,0.8078943918903395,5000.0,100.0,False,simplicity variance estimated_atomicity,
ps,4,133.284,SAT_L,PSO,10000,13.463128415568553,2.657155034568828,0.8018657233605347,0.8018736690125453,5000.0,100.0,False,simplicity variance,
ps,4,132.753,SAT_L,PSO,10000,25.78008553964741,3.58647152100953,0.729697464632694,0.7338870797689377,5000.0,100.0,False,simplicity variance estimated_atomicity,
ps,5,258.209,SAT_L,PSO,10000,22.317661851786113,3.1430261143807594,0.7110477218927964,0.7138620371929139,5000.0,100.0,False,simplicity variance,
ps,5,249.873,SAT_L,PSO,10000,20.291024402590665,3.1293959294387994,0.7655908777158598,0.766789550694798,5000.0,100.0,False,simplicity variance estimated_atomicity,
ps,3,81.384,SAT_M,ACO,10000,13.721225502096429,2.8781257124488477,0.746087667609,0.7460882071834749,5000.0,100.0,False,simplicity variance,
ps,3,75.99,SAT_M,ACO,10000,11.271894198802224,2.205239101631063,0.7657835734139947,0.7698569973786913,5000.0,100.0,False,simplicity variance estimated_atomicity,
ps,4,145.877,SAT_M,ACO,10000,12.997016466105253,2.2071000278819137,0.7653787312987197,0.7663843826769627,5000.0,100.0,False,simplicity variance,
ps,4,158.64,SAT_M,ACO,10000,7.140049046833636,1.5205298365406055,0.8261255307990679,0.8271473125584315,5000.0,100.0,False,simplicity variance estimated_atomicity,
ps,5,246.219,SAT_M,ACO,10000,11.09049117687125,2.3382966248797623,0.7358666143041658,0.7362309648465206,5000.0,100.0,False,simplicity variance,
ps,5,255.779,SAT_M,ACO,10000,8.650936313283403,1.793832990821636,0.8191431383003371,0.8216201174697434,5000.0,100.0,False,simplicity variance estimated_atomicity,
ps,3,69.365,SAT_M,BBO,10000,13.922142465486337,2.7555223425343134,0.6850425637721562,0.6942302863741909,5000.0,100.0,False,simplicity variance,
ps,3,70.424,SAT_M,BBO,10000,14.146685052749396,2.8993428247169177,0.7089017597397278,0.7118744989137101,5000.0,100.0,False,simplicity variance estimated_atomicity,
ps,4,138.296,SAT_M,BBO,10000,13.102090978902238,2.8851820077616646,0.6352782517495544,0.6353664237511996,5000.0,100.0,False,simplicity variance,
ps,4,113.844,SAT_M,BBO,10000,16.342018606382986,2.971492509413116,0.6522216464690136,0.6596059378724692,5000.0,100.0,False,simplicity variance estimated_atomicity,
ps,5,241.398,SAT_M,BBO,10000,11.55644436044839,2.6159702818204753,0.7457240428870746,0.7507018723790041,5000.0,100.0,False,simplicity variance,
ps,5,236.871,SAT_M,BBO,10000,18.160252540938686,3.327976316124537,0.5651637443065721,0.5664922233147685,5000.0,100.0,False,simplicity variance estimated_atomicity,
ps,3,69.887,SAT_M,BRO,10000,9.53296224512446,2.366883502681845,0.640974228878991,0.6415192301629221,5000.0,100.0,False,simplicity variance,
ps,3,62.326,SAT_M,BRO,10000,9.751371267705654,2.3833157806705056,0.4116084456018664,0.41164573226282,5000.0,100.0,False,simplicity variance estimated_atomicity,
ps,4,113.332,SAT_M,BRO,10000,9.026725474257676,2.0982407246915464,0.5065804014455233,0.5077381011070803,5000.0,100.0,False,simplicity variance,
ps,4,125.346,SAT_M,BRO,10000,8.646433184031489,2.284640074119309,0.6263084149184451,0.6267128649500613,5000.0,100.0,False,simplicity variance estimated_atomicity,
ps,5,251.2,SAT_M,BRO,10000,7.057119592116641,2.0032872383341878,0.7343612218510038,0.7358399574453176,5000.0,100.0,False,simplicity variance,
ps,5,237.923,SAT_M,BRO,10000,8.726364900769415,2.2023116976719455,0.5713941399285957,0.573234524309914,5000.0,100.0,False,simplicity variance estimated_atomicity,
ps,3,54.206,SAT_M,CRO,10000,17.07434565510943,2.7069792305373577,0.7297602861283328,0.7316308102097513,5000.0,100.0,False,simplicity variance,
ps,3,52.909,SAT_M,CRO,10000,16.60408083852526,2.746780656069264,0.7817758011210478,0.7820590955206485,5000.0,100.0,False,simplicity variance estimated_atomicity,
ps,4,109.72,SAT_M,CRO,10000,8.3235014413143,2.0131466491651975,0.845166137751598,0.8503863739457034,5000.0,100.0,False,simplicity variance,
ps,4,94.704,SAT_M,CRO,10000,24.974293225134605,3.4543560944168865,0.5530648449067515,0.5556869646762006,5000.0,100.0,False,simplicity variance estimated_atomicity,
ps,5,193.858,SAT_M,CRO,10000,7.6239332645954345,1.8372557294109186,0.8753162166971575,0.8766130180139365,5000.0,100.0,False,simplicity variance,
ps,5,180.627,SAT_M,CRO,10000,9.83746420239228,1.9760100805721645,0.7869003950742179,0.7917526707526971,5000.0,100.0,False,simplicity variance estimated_atomicity,
ps,3,58.914,SAT_M,PSO,10000,10.803465509466566,2.539085688470345,0.804337772131029,0.8113902613682501,5000.0,100.0,False,simplicity variance,
ps,3,55.907,SAT_M,PSO,10000,13.9917924977418,2.8844106873795248,0.6683034114562673,0.6716437535790265,5000.0,100.0,False,simplicity variance estimated_atomicity,
ps,4,116.313,SAT_M,PSO,10000,11.807569258239925,2.6770525729215917,0.7322422193967211,0.7344841089394547,5000.0,100.0,False,simplicity variance,
ps,4,110.228,SAT_M,PSO,10000,8.330367368112574,2.115028453880528,0.7549312548388578,0.7622888159412428,5000.0,100.0,False,simplicity variance estimated_atomicity,
ps,5,218.064,SAT_M,PSO,10000,7.305638494769118,1.8734736246808157,0.6898445320052755,0.6899310587571461,5000.0,100.0,False,simplicity variance,
ps,5,202.003,SAT_M,PSO,10000,5.400778877083533,1.6675737941335071,0.7521931323357223,0.7574982835235615,5000.0,100.0,False,simplicity variance estimated_atomicity,
ps,3,66.469,SAT_S,ACO,10000,3.645620496763112,1.425402298850575,0.5951309912281836,0.605642656406079,5000.0,100.0,False,simplicity variance,
ps,3,58.189,SAT_S,ACO,10000,2.5114838292222945,1.2740027426967722,0.5621846751931011,0.5790513323417537,5000.0,100.0,False,simplicity variance estimated_atomicity,
ps,4,120.417,SAT_S,ACO,10000,3.47469346655152,1.2711766470644628,0.29282647053986677,0.3290436562899184,5000.0,100.0,False,simplicity variance,
ps,4,104.321,SAT_S,ACO,10000,2.8641923995857903,1.1957270256081873,0.5844529290767959,0.586349748197222,5000.0,100.0,False,simplicity variance estimated_atomicity,
ps,5,224.829,SAT_S,ACO,10000,3.93092587411515,1.3596115741638137,0.4677933334977741,0.4699532353025848,5000.0,100.0,False,simplicity variance,
ps,5,202.828,SAT_S,ACO,10000,3.0179247649270695,1.2471232020012506,0.6371150550899569,0.6464537980052663,5000.0,100.0,False,simplicity variance estimated_atomicity,
ps,3,73.874,SAT_S,BBO,10000,5.406370705918179,1.9148745519713257,0.5782855317867395,0.6152659911508671,5000.0,100.0,False,simplicity variance,
ps,3,75.803,SAT_S,BBO,10000,7.667490295378342,2.248645879080662,-0.4799533732128707,-0.3766045299434022,5000.0,100.0,False,simplicity variance estimated_atomicity,
ps,4,127.796,SAT_S,BBO,10000,5.809002741120619,1.7511595233704766,0.31839147698584713,0.45902189352632783,5000.0,100.0,False,simplicity variance,
ps,4,112.544,SAT_S,BBO,10000,5.139300043392957,1.8007860801978446,0.6428577787104082,0.6429819679784552,5000.0,100.0,False,simplicity variance estimated_atomicity,
ps,5,210.217,SAT_S,BBO,10000,4.77772574767485,1.6624264624264629,0.6907253201806336,0.6918996171950202,5000.0,100.0,False,simplicity variance,
ps,5,193.605,SAT_S,BBO,10000,2.3306137216962215,1.1953642509635416,0.6822833508704795,0.7038723717619594,5000.0,100.0,False,simplicity variance estimated_atomicity,
ps,3,65.46,SAT_S,BRO,10000,7.343024739783761,2.152637718227342,0.485117386594332,0.4877749525368703,5000.0,100.0,False,simplicity variance,
ps,3,65.282,SAT_S,BRO,10000,8.871388560429029,2.397762046509624,0.21513114261119337,0.21919150811385124,5000.0,100.0,False,simplicity variance estimated_atomicity,
ps,4,127.146,SAT_S,BRO,10000,5.02759169014632,1.7954212089945665,0.43230962314030286,0.436133349656746,5000.0,100.0,False,simplicity variance,
ps,4,111.847,SAT_S,BRO,10000,4.909427864503625,1.8036868686868694,-0.4397149162767233,-0.13945736804641218,5000.0,100.0,False,simplicity variance estimated_atomicity,
ps,5,265.95,SAT_S,BRO,10000,6.1283276777708675,1.942654780763018,0.44643051705422054,0.44659695371633623,5000.0,100.0,False,simplicity variance,
ps,5,250.963,SAT_S,BRO,10000,6.974291181274559,2.0267018270072135,0.4573954449758999,0.45869603707628104,5000.0,100.0,False,simplicity variance estimated_atomicity,
ps,3,71.444,SAT_S,CRO,10000,7.18838408292257,1.9374253401703494,0.6173685264029714,0.6330145001694754,5000.0,100.0,False,simplicity variance,
ps,3,69.895,SAT_S,CRO,10000,4.270202258935511,1.715367034826209,0.47466688600982054,0.6683244411868987,5000.0,100.0,False,simplicity variance estimated_atomicity,
ps,4,139.072,SAT_S,CRO,10000,5.047384348535866,1.8344646464646468,0.6736379869816971,0.6838564303211394,5000.0,100.0,False,simplicity variance,
ps,4,115.02,SAT_S,CRO,10000,6.18501507204981,1.8422146636432346,0.4591183485532534,0.45935902295563824,5000.0,100.0,False,simplicity variance estimated_atomicity,
ps,5,189.009,SAT_S,CRO,10000,2.691346021282879,1.3042207222820956,0.7462779629809073,0.746330938039943,5000.0,100.0,False,simplicity variance,
ps,5,168.365,SAT_S,CRO,10000,4.346632116087578,1.3879468382952702,0.6341234149934695,0.6440153881169723,5000.0,100.0,False,simplicity variance estimated_atomicity,
ps,3,52.221,SAT_S,PSO,10000,2.386626946586611,1.202540326475417,0.4863988582192069,0.48784894358680764,5000.0,100.0,False,simplicity variance,
ps,3,62.963,SAT_S,PSO,10000,2.328189966811811,1.1689280477586954,0.3035154758938666,0.32750896174811295,5000.0,100.0,False,simplicity variance estimated_atomicity,
ps,4,140.849,SAT_S,PSO,10000,3.1491728296422012,1.3798213072271412,0.32103305013894223,0.32572349303752657,5000.0,100.0,False,simplicity variance,
ps,4,114.046,SAT_S,PSO,10000,4.512889271319988,1.5426403460798563,0.23718506375925075,0.2500579702373331,5000.0,100.0,False,simplicity variance estimated_atomicity,
ps,5,188.359,SAT_S,PSO,10000,2.639485053586786,1.2401515151515154,0.69023158295314,0.7069497470158288,5000.0,100.0,False,simplicity variance,
ps,5,201.851,SAT_S,PSO,10000,2.1563606483935804,1.116168286841364,0.7740700870560974,0.77875392278467,5000.0,100.0,False,simplicity variance estimated_atomicity,
