kind,depth,ps_budget,ps_population,avoid_ancestors,metrics,problem,pRef_method,pRef_size,mse,mae,r_sq,evs,cp
ps,3,5000.0,100.0,False,simplicity variance,BT,ACO,10000,53.33471674391815,5.572481398480996,0.7448153929364886,0.7452894071197982,
ps,3,5000.0,100.0,False,simplicity variance estimated_atomicity,BT,ACO,10000,84.17234522849564,6.74049204340014,0.46420142765520145,0.46552515676849004,
ps,4,5000.0,100.0,False,simplicity variance,BT,ACO,10000,60.29302938747372,5.733565169597744,0.6717891685719017,0.699427589907959,
ps,4,5000.0,100.0,False,simplicity variance estimated_atomicity,BT,ACO,10000,60.60907828962081,6.109577515645577,0.6267909039599062,0.6287042593857672,
ps,5,5000.0,100.0,False,simplicity variance,BT,ACO,10000,53.83120197953295,5.284631039845714,0.6536732588817553,0.6555727854291338,
ps,5,5000.0,100.0,False,simplicity variance estimated_atomicity,BT,ACO,10000,52.40543838550503,5.4568018179315825,0.6633522243308605,0.6654570117968588,
ps,3,5000.0,100.0,False,simplicity variance,BT,BBO,10000,29.57033855919869,3.0401655768521367,0.9143127696992556,0.9154420523233988,
ps,3,5000.0,100.0,False,simplicity variance estimated_atomicity,BT,BBO,10000,51.42021457750236,5.054584866424901,0.8651590304347521,0.86999787454199,
ps,4,5000.0,100.0,False,simplicity variance,BT,BBO,10000,24.216139690047203,3.1618440915683115,0.9169624707431938,0.9170431505576925,
ps,4,5000.0,100.0,False,simplicity variance estimated_atomicity,BT,BBO,10000,29.980188262680212,3.2027171805040204,0.9143546238393994,0.9143547655897681,
ps,5,5000.0,100.0,False,simplicity variance,BT,BBO,10000,20.444192191681772,2.721731915241836,0.9502545117228557,0.9503507908578168,
ps,5,5000.0,100.0,False,simplicity variance estimated_atomicity,BT,BBO,10000,33.93117299170453,3.0141705627538933,0.8887364105424561,0.8892379637235331,
ps,3,5000.0,100.0,False,simplicity variance,BT,BRO,10000,20.23048593205116,3.517183682663114,0.436291503000829,0.4367301388212653,
ps,3,5000.0,100.0,False,simplicity variance estimated_atomicity,BT,BRO,10000,24.88084596572546,3.9059652437794834,0.16335190750807915,0.16352602863680954,
ps,4,5000.0,100.0,False,simplicity variance,BT,BRO,10000,27.582702423603365,4.1160515929367785,0.23203381938145884,0.23338177866578158,
ps,4,5000.0,100.0,False,simplicity variance estimated_atomicity,BT,BRO,10000,30.9361184677071,4.396026585614248,0.2567087311916729,0.2567184208817107,
ps,5,5000.0,100.0,False,simplicity variance,BT,BRO,10000,22.048763803140314,3.7216444161515514,0.28014740338488686,0.2801699276058459,
ps,5,5000.0,100.0,False,simplicity variance estimated_atomicity,BT,BRO,10000,15.617371140680191,2.951847334081449,0.5070621732612726,0.5136670515915365,
ps,3,5000.0,100.0,False,simplicity variance,BT,CRO,10000,10.7313577907524,2.0710085125488065,0.8850201630846578,0.8852545680138866,
ps,3,5000.0,100.0,False,simplicity variance estimated_atomicity,BT,CRO,10000,15.333889665122614,2.830598807109675,0.8652611345479426,0.8652885463817199,
ps,4,5000.0,100.0,False,simplicity variance,BT,CRO,10000,25.017337838842494,3.2647371301719836,0.8697257034540233,0.878940045023237,
ps,4,5000.0,100.0,False,simplicity variance estimated_atomicity,BT,CRO,10000,16.519063341434265,2.5237349759000236,0.9214658997963194,0.9215597601308305,
ps,5,5000.0,100.0,False,simplicity variance,BT,CRO,10000,16.531925070260865,2.3913911207484757,0.9302834697098623,0.9306247929984308,
ps,5,5000.0,100.0,False,simplicity variance estimated_atomicity,BT,CRO,10000,20.32623163632339,2.3865218605702103,0.8708718881507986,0.8711272489663194,
ps,3,5000.0,100.0,False,simplicity variance,BT,PSO,10000,31.22930745744478,4.455338936948589,0.3850759984445351,0.43623033226195485,
ps,3,5000.0,100.0,False,simplicity variance estimated_atomicity,BT,PSO,10000,37.72207224700241,5.045919694874366,-0.05875785171814685,-0.050918631378525925,
ps,4,5000.0,100.0,False,simplicity variance,BT,PSO,10000,39.195347657272904,4.94642422489737,0.02116087449310111,0.02776015533936471,
ps,4,5000.0,100.0,False,simplicity variance estimated_atomicity,BT,PSO,10000,30.027673890129336,4.3957680212990855,0.36342219815779675,0.3724849307177355,
ps,5,5000.0,100.0,False,simplicity variance,BT,PSO,10000,29.08482597945595,4.457858899738929,0.20499805428602502,0.2123740159235994,
ps,5,5000.0,100.0,False,simplicity variance estimated_atomicity,BT,PSO,10000,37.15630602152726,4.742919131879342,-0.04492313364960032,-0.02108290027554105,
ps,3,5000.0,100.0,False,simplicity variance,GC_L,ACO,10000,134.8385058519975,8.946591512788883,0.013912363602142874,0.02918961131978004,
ps,3,5000.0,100.0,False,simplicity variance estimated_atomicity,GC_L,ACO,10000,136.75496707947175,9.118240858918117,0.1760174669277822,0.22615164932295884,
ps,4,5000.0,100.0,False,simplicity variance,GC_L,ACO,10000,118.10529420317287,8.476203309651861,0.36459761637450616,0.40101698981708866,
ps,4,5000.0,100.0,False,simplicity variance estimated_atomicity,GC_L,ACO,10000,257.4627499581673,12.002787874957686,0.2169220786913001,0.2738248303386219,
ps,5,5000.0,100.0,False,simplicity variance,GC_L,ACO,10000,124.45934193613434,8.188368806161098,0.4824424160213284,0.4925561698664346,
ps,5,5000.0,100.0,False,simplicity variance estimated_atomicity,GC_L,ACO,10000,150.90475598958918,8.52917677191267,0.25605520310470953,0.2652979656427914,
ps,3,5000.0,100.0,False,simplicity variance,GC_L,BBO,10000,87.11894135299792,6.7264685204921655,0.828025027342123,0.8352878159383667,
ps,3,5000.0,100.0,False,simplicity variance estimated_atomicity,GC_L,BBO,10000,117.94908573786559,6.540927860297752,0.7344188088227845,0.7365554006650744,
ps,4,5000.0,100.0,False,simplicity variance,GC_L,BBO,10000,44.83685282321092,4.517633830468404,0.9219678128412555,0.9247473291931753,
ps,4,5000.0,100.0,False,simplicity variance estimated_atomicity,GC_L,BBO,10000,80.27175330136355,5.61756476822185,0.8065853505895196,0.8086646830226948,
ps,5,5000.0,100.0,False,simplicity variance,GC_L,BBO,10000,81.70315928015874,6.194274307111447,0.8540095132921968,0.8540095784518185,
ps,5,5000.0,100.0,False,simplicity variance estimated_atomicity,GC_L,BBO,10000,44.14983493901829,3.639700343120809,0.8963937005164565,0.8968366917215231,
ps,3,5000.0,100.0,False,simplicity variance,GC_L,BRO,10000,4514.497973872218,53.05289381549947,0.5095585748008299,0.5098981638032805,
ps,3,5000.0,100.0,False,simplicity variance estimated_atomicity,GC_L,BRO,10000,4291.742740996393,50.260541534780444,0.5540195777995498,0.5540197027622534,
ps,4,5000.0,100.0,False,simplicity variance,GC_L,BRO,10000,3260.7334784072277,43.60029820892896,0.5641871030130587,0.5687775209844004,
ps,4,5000.0,100.0,False,simplicity variance estimated_atomicity,GC_L,BRO,10000,2927.6008330846294,41.336177670590935,0.5274106762467654,0.5288182483970103,
ps,5,5000.0,100.0,False,simplicity variance,GC_L,BRO,10000,3389.649284547746,44.57387657746482,0.5229974767738712,0.5238822574594257,
ps,5,5000.0,100.0,False,simplicity variance estimated_atomicity,GC_L,BRO,10000,2687.9938320663637,40.564609963000336,0.6528756313653763,0.6532511352769257,
ps,3,5000.0,100.0,False,simplicity variance,GC_L,CRO,10000,40.20331035705858,3.904939034116252,0.8574009511208154,0.8594311539813446,
ps,3,5000.0,100.0,False,simplicity variance estimated_atomicity,GC_L,CRO,10000,63.56546060479857,5.405264198136675,0.8517185981766089,0.852394296202533,
ps,4,5000.0,100.0,False,simplicity variance,GC_L,CRO,10000,59.18017444556159,4.163524967702669,0.8392478811375443,0.8400458103933794,
ps,4,5000.0,100.0,False,simplicity variance estimated_atomicity,GC_L,CRO,10000,76.75616784565308,5.073828566052138,0.7308294407536556,0.7320525161796476,
ps,5,5000.0,100.0,False,simplicity variance,GC_L,CRO,10000,71.0975464110217,4.463273861849054,0.8243949929304135,0.8245163445901436,
ps,5,5000.0,100.0,False,simplicity variance estimated_atomicity,GC_L,CRO,10000,22.534117600133687,3.0803583557791563,0.945782356603691,0.9457833728159563,
ps,3,5000.0,100.0,False,simplicity variance,GC_L,PSO,10000,195.12727656157148,11.716909216909217,-0.09411039685438327,0.020779195680099116,
ps,3,5000.0,100.0,False,simplicity variance estimated_atomicity,GC_L,PSO,10000,137.9506606840691,8.844214739035715,-0.3394171086579427,-0.2849387573733395,
ps,4,5000.0,100.0,False,simplicity variance,GC_L,PSO,10000,359.63333398139383,13.036987781954888,-0.4581453914404494,-0.4500915031428432,
ps,4,5000.0,100.0,False,simplicity variance estimated_atomicity,GC_L,PSO,10000,172.84453406936075,11.131644240649084,-0.22714140987594167,-0.05935915263513869,
ps,5,5000.0,100.0,False,simplicity variance,GC_L,PSO,10000,134.310797802275,8.878813628232235,0.08215064184823595,0.08255450311087775,
ps,5,5000.0,100.0,False,simplicity variance estimated_atomicity,GC_L,PSO,10000,140.58506405535996,9.637720473970473,-0.33970281410706327,-0.22309005135150994,
ps,3,5000.0,100.0,False,simplicity variance,GC_S,ACO,10000,913.9530901569658,23.06246813594499,0.2872032219013664,0.2872583849604813,
ps,3,5000.0,100.0,False,simplicity variance estimated_atomicity,GC_S,ACO,10000,666.6668894942795,19.34665937803693,0.42796622345055435,0.4291736720960927,
ps,4,5000.0,100.0,False,simplicity variance,GC_S,ACO,10000,694.4495830263281,19.157048817297266,0.3487928963609296,0.3543150697643387,
ps,4,5000.0,100.0,False,simplicity variance estimated_atomicity,GC_S,ACO,10000,737.9026834328826,21.639708176915615,0.4041311000107033,0.4146235803709918,
ps,5,5000.0,100.0,False,simplicity variance,GC_S,ACO,10000,549.4032588628968,16.5725522629437,0.5585163162547684,0.5606756774767047,
ps,5,5000.0,100.0,False,simplicity variance estimated_atomicity,GC_S,ACO,10000,495.21141356789343,17.185615796422066,0.5475460013609841,0.554726716861832,
ps,3,5000.0,100.0,False,simplicity variance,GC_S,BBO,10000,176.62790230515958,8.951903408811237,0.9322054774571623,0.9330766807582634,
ps,3,5000.0,100.0,False,simplicity variance estimated_atomicity,GC_S,BBO,10000,217.30364743173013,9.443400572563505,0.913427281591092,0.9135853368780142,
ps,4,5000.0,100.0,False,simplicity variance,GC_S,BBO,10000,177.1195164481463,8.919135749026115,0.9286377761102809,0.9290200084237517,
ps,4,5000.0,100.0,False,simplicity variance estimated_atomicity,GC_S,BBO,10000,228.65932872523092,9.407901264876578,0.905953674965564,0.9064556781462243,
ps,5,5000.0,100.0,False,simplicity variance,GC_S,BBO,10000,208.58875164068013,8.235415024431555,0.9327991182743443,0.9332782063632705,
ps,5,5000.0,100.0,False,simplicity variance estimated_atomicity,GC_S,BBO,10000,130.5045331768195,7.394617667273821,0.9461054243460503,0.9461418584055161,
ps,3,5000.0,100.0,False,simplicity variance,GC_S,BRO,10000,31259.56201018716,148.9072772937874,-0.0007784484177115747,0.0,
ps,3,5000.0,100.0,False,simplicity variance estimated_atomicity,GC_S,BRO,10000,13385.97492899766,89.3555110279602,0.4774768884295163,0.47799979516891533,
ps,4,5000.0,100.0,False,simplicity variance,GC_S,BRO,10000,12160.735369574291,83.94065558263209,0.4592143291100713,0.4593387659267648,
ps,4,5000.0,100.0,False,simplicity variance estimated_atomicity,GC_S,BRO,10000,12606.993207989646,86.18654686594385,0.5014055728513558,0.5014144448662712,
ps,5,5000.0,100.0,False,simplicity variance,GC_S,BRO,10000,22828.46204532541,123.97138670041936,0.2068853894642242,0.20688774488964856,
ps,5,5000.0,100.0,False,simplicity variance estimated_atomicity,GC_S,BRO,10000,10274.011378980935,76.88867955076726,0.6001750931514959,0.6004560836715067,
ps,3,5000.0,100.0,False,simplicity variance,GC_S,CRO,10000,265.7688311702284,10.434113200365202,0.8414033236528298,0.8429268620739835,
ps,3,5000.0,100.0,False,simplicity variance estimated_atomicity,GC_S,CRO,10000,135.81985252088003,7.515875362689496,0.9238884738485569,0.9262850301652663,
ps,4,5000.0,100.0,False,simplicity variance,GC_S,CRO,10000,117.3255696039764,6.839090407535348,0.9284526603171924,0.9285095333069606,
ps,4,5000.0,100.0,False,simplicity variance estimated_atomicity,GC_S,CRO,10000,145.0390870544233,6.894786160664351,0.78554994611997,0.7963470685186276,
ps,5,5000.0,100.0,False,simplicity variance,GC_S,CRO,10000,197.98580753194122,7.4630348475578465,0.8419304437187268,0.8530580656840095,
ps,5,5000.0,100.0,False,simplicity variance estimated_atomicity,GC_S,CRO,10000,89.51652651982499,5.182357106431276,0.9462493664715934,0.9473091974081876,
ps,3,5000.0,100.0,False,simplicity variance,GC_S,PSO,10000,530.3902941003128,19.96662933930572,-0.08021168439396109,-2.220446049250313e-16,
ps,3,5000.0,100.0,False,simplicity variance estimated_atomicity,GC_S,PSO,10000,470.3633271398221,17.865679212975085,0.0157141593692538,0.0186588926297534,
ps,4,5000.0,100.0,False,simplicity variance,GC_S,PSO,10000,350.1718794952297,16.205809930809924,0.0318489183495374,0.04163075235635838,
ps,4,5000.0,100.0,False,simplicity variance estimated_atomicity,GC_S,PSO,10000,537.2275096755393,19.07587003133763,-0.352670345495945,-0.13068740670555568,
ps,5,5000.0,100.0,False,simplicity variance,GC_S,PSO,10000,439.76739039417487,16.92731884057971,-0.09517467412320979,-0.020298121888873366,
ps,5,5000.0,100.0,False,simplicity variance estimated_atomicity,GC_S,PSO,10000,493.8400692720597,17.627275024277218,0.020808278649920187,0.0313272235381018,
iai,3,,,,,SAT_S,ACO,10000,4.012788724616316,1.4543370765338741,0.4325674324185963,0.4366747332069314,0.25
iai,4,,,,,SAT_S,ACO,10000,3.545444495804806,1.3864363297654017,0.49865272967635865,0.49936741892203274,0.25
iai,5,,,,,SAT_S,ACO,10000,4.596839507396716,1.496437573138897,0.34997912338602966,0.3613244923641158,0.25
iai,3,,,,,SAT_M,ACO,10000,20.664497833899027,3.4726988585713396,0.5975838486604628,0.5994084782801916,0.25
iai,4,,,,,SAT_M,ACO,10000,20.664497833899027,3.4726988585713396,0.5975838486604628,0.5994084782801916,0.25
iai,5,,,,,SAT_M,ACO,10000,13.724076462890912,2.8368967473065556,0.7327401771251251,0.7345015419105676,0.25
iai,3,,,,,SAT_L,ACO,10000,61.89075829234065,6.048476995415761,0.6049507395773759,0.6123339324474952,0.25
iai,4,,,,,SAT_L,ACO,10000,40.39556246113972,4.780585717192861,0.7421547656719518,0.7482271917462774,0.25
iai,5,,,,,SAT_L,ACO,10000,25.058375607799878,3.779175461288306,0.8400521657127804,0.8431135986671521,0.25
iai,3,,,,,GC_S,ACO,10000,648.3827867857656,18.602410881551975,0.36557232371899673,0.36557325413179353,0.25
iai,4,,,,,GC_S,ACO,10000,661.8106109884021,18.40263394574033,0.3524335059095053,0.3528047735246328,0.25
iai,5,,,,,GC_S,ACO,10000,661.8106109884021,18.40263394574033,0.3524335059095053,0.3528047735246328,0.25
iai,3,,,,,GC_L,ACO,10000,103.77760377111315,8.088884730538918,0.3941894007831721,0.40647511760473376,0.25
iai,4,,,,,GC_L,ACO,10000,107.1755419846671,8.159511385199238,0.3743536471094313,0.374398917721687,0.25
iai,5,,,,,GC_L,ACO,10000,107.1755419846671,8.159511385199238,0.3743536471094313,0.374398917721687,0.25
iai,3,,,,,BT,ACO,10000,71.28981643052091,7.143334334526293,0.5769877365295173,0.5812402216758386,0.25
iai,4,,,,,BT,ACO,10000,63.00041258213802,6.592731945360971,0.6261745581584219,0.6261953262839987,0.25
iai,5,,,,,BT,ACO,10000,63.00041258213802,6.592731945360971,0.6261745581584219,0.6261953262839987,0.25
iai,3,,,,,SAT_S,BBO,10000,10.060835464912554,2.391079906306987,0.2239909975843285,0.2462118721809694,0.25
iai,4,,,,,SAT_S,BBO,10000,10.060835464912554,2.391079906306987,0.2239909975843285,0.2462118721809694,0.25
iai,5,,,,,SAT_S,BBO,10000,10.060835464912554,2.391079906306987,0.2239909975843285,0.2462118721809694,0.25
iai,3,,,,,SAT_M,BBO,10000,33.83053127834014,4.17425817425817,0.4529928979065567,0.4532161769551557,0.25
iai,4,,,,,SAT_M,BBO,10000,37.21180407913776,4.174672602707646,0.3983209738704163,0.4119990285245606,0.25
iai,5,,,,,SAT_M,BBO,10000,26.422079580236755,3.328121253415371,0.5727804253632527,0.5924221724027064,0.25
iai,3,,,,,SAT_L,BBO,10000,63.85113426244691,5.792669224987142,0.5628057866767957,0.5650387840355555,0.25
iai,4,,,,,SAT_L,BBO,10000,46.53923871157557,4.79928165148945,0.6813418259174967,0.6838584519200266,0.25
iai,5,,,,,SAT_L,BBO,10000,27.928226309060783,3.7113628251693616,0.808773030084081,0.8101418306343334,0.25
iai,3,,,,,GC_S,BBO,10000,644.7894791149221,18.394997912326218,0.7280261130101298,0.7280775920094378,0.25
iai,4,,,,,GC_S,BBO,10000,260.5493795156597,10.711480194168555,0.8900995909596056,0.8903519300630369,0.25
iai,5,,,,,GC_S,BBO,10000,271.91219099054695,9.35822303481782,0.8853067273908632,0.8855674218219042,0.25
iai,3,,,,,GC_L,BBO,10000,269.0987774341875,11.381230037376818,0.5585307658590024,0.5622906249500903,0.25
iai,4,,,,,GC_L,BBO,10000,139.65778814097234,8.442573910526656,0.7708848127803205,0.7710168864685809,0.25
iai,5,,,,,GC_L,BBO,10000,113.34484079519306,6.618725356855974,0.8140524437279362,0.8143823190583085,0.25
iai,3,,,,,BT,BBO,10000,65.77031125600406,5.780558496349923,0.7851682538161835,0.7891737327067385,0.25
iai,4,,,,,BT,BBO,10000,48.78445359779026,4.535851644926284,0.8406507563535377,0.8406759141042668,0.25
iai,5,,,,,BT,BBO,10000,36.16083127104501,3.8878822282461734,0.8818844798349987,0.8833174607547148,0.25
iai,3,,,,,SAT_S,BRO,10000,9.109479349986843,2.35215934371524,0.23028637262567198,0.24148557873734677,0.25
iai,4,,,,,SAT_S,BRO,10000,8.60137843151307,2.319819749175948,0.27321881541464876,0.27839772091937787,0.25
iai,5,,,,,SAT_S,BRO,10000,8.60137843151307,2.319819749175948,0.27321881541464876,0.27839772091937787,0.25
iai,3,,,,,SAT_M,BRO,10000,8.766854803152684,2.1990990884629067,0.3977970166484339,0.39829628310607157,0.25
iai,4,,,,,SAT_M,BRO,10000,8.288423613053713,2.1414838048195057,0.4306608767756065,0.43109411535870035,0.25
iai,5,,,,,SAT_M,BRO,10000,7.647945722375305,2.009048723873398,0.4746558675901632,0.47471950777546856,0.25
iai,3,,,,,SAT_L,BRO,10000,27.284061546120007,4.146782953274908,0.5677278314409361,0.5707095617935098,0.25
iai,4,,,,,SAT_L,BRO,10000,21.328792803637736,3.5124207985816893,0.662079507393335,0.6646325072613425,0.25
iai,5,,,,,SAT_L,BRO,10000,18.330774634515144,3.1085777955718124,0.7095782939341677,0.7099208092845741,0.25
iai,3,,,,,GC_S,BRO,10000,9856.024811452999,76.69626972339984,0.44313178763008976,0.44322598325136453,0.25
iai,4,,,,,GC_S,BRO,10000,7867.500972929633,68.78763425556352,0.5554839515498367,0.5555050148228342,0.25
iai,5,,,,,GC_S,BRO,10000,7056.416740488219,64.89152815873884,0.60131044196981,0.6013221121668052,0.25
iai,3,,,,,GC_L,BRO,10000,4268.2575113572075,53.06157982522838,0.4388907177434712,0.4395511570656796,0.25
iai,4,,,,,GC_L,BRO,10000,3460.020144261651,46.5172931709982,0.5451423878306607,0.5473449296878943,0.25
iai,5,,,,,GC_L,BRO,10000,2490.4089091983797,39.844655130688416,0.6726084234966345,0.6726182931123592,0.25
iai,3,,,,,BT,BRO,10000,20.1092015714527,3.451690159469804,0.14554515186053396,0.14701535109948372,0.25
iai,4,,,,,BT,BRO,10000,17.950483194184507,3.2056382096786895,0.23727069236349885,0.23979514928230516,0.25
iai,5,,,,,BT,BRO,10000,16.487290057654533,3.03486351735717,0.29944285095617384,0.30041564984817526,0.25
iai,3,,,,,SAT_S,CRO,10000,5.816693770128696,1.94836043792517,0.6241374127209072,0.6242536826281195,0.25
iai,4,,,,,SAT_S,CRO,10000,5.816693770128696,1.94836043792517,0.6241374127209072,0.6242536826281195,0.25
iai,5,,,,,SAT_S,CRO,10000,5.816693770128696,1.94836043792517,0.6241374127209072,0.6242536826281195,0.25
iai,3,,,,,SAT_M,CRO,10000,16.465142624649143,3.3182288273464717,0.5531352211085818,0.617625412220123,0.25
iai,4,,,,,SAT_M,CRO,10000,15.316109494145516,2.846009545035001,0.584320036661454,0.5873132869677931,0.25
iai,5,,,,,SAT_M,CRO,10000,7.982237839578628,2.1909438537171275,0.7833616732902109,0.7970465128900874,0.25
iai,3,,,,,SAT_L,CRO,10000,33.265310703563024,4.306516805177176,0.6591017945229773,0.660052450021029,0.25
iai,4,,,,,SAT_L,CRO,10000,33.265310703563024,4.306516805177176,0.6591017945229773,0.660052450021029,0.25
iai,5,,,,,SAT_L,CRO,10000,21.53652309051672,3.513788979366229,0.7792967533297309,0.7801392602898927,0.25
iai,3,,,,,GC_S,CRO,10000,706.2515871948287,17.79725,0.6870769684356974,0.6892645549793337,0.25
iai,4,,,,,GC_S,CRO,10000,347.0817420910375,14.311160619457604,0.8462164575556764,0.8462480370133978,0.25
iai,5,,,,,GC_S,CRO,10000,292.98665317522523,12.63211124667258,0.8701846857666904,0.8701860297541254,0.25
iai,3,,,,,GC_L,CRO,10000,152.80229302605366,7.967176870748349,0.25769853308491375,0.26836036478032366,0.25
iai,4,,,,,GC_L,CRO,10000,77.71535399633014,5.415909244264517,0.6224649504214907,0.6390827519488425,0.25
iai,5,,,,,GC_L,CRO,10000,71.84837874447891,5.441943014743363,0.6509662526569298,0.6711311267605191,0.25
iai,3,,,,,BT,CRO,10000,93.7145854418516,5.5158391054694595,0.4764013681007109,0.485557169115466,0.25
iai,4,,,,,BT,CRO,10000,24.429277294816213,3.303197623764927,0.8635096542384981,0.8635447114169009,0.25
iai,5,,,,,BT,CRO,10000,42.154195039636186,3.580034361917679,0.7644776557725419,0.7667546954088514,0.25
iai,3,,,,,SAT_S,PSO,10000,5.096251007793611,1.633333333333334,0.05010706067752202,0.13388764284821952,0.25
iai,4,,,,,SAT_S,PSO,10000,5.096251007793611,1.633333333333334,0.05010706067752202,0.13388764284821952,0.25
iai,5,,,,,SAT_S,PSO,10000,5.096251007793611,1.633333333333334,0.05010706067752202,0.13388764284821952,0.25
iai,3,,,,,SAT_M,PSO,10000,15.926564594556849,3.2116755945272772,0.03973477998264796,0.04696640417661402,0.25
iai,4,,,,,SAT_M,PSO,10000,15.926564594556849,3.2116755945272772,0.03973477998264796,0.04696640417661402,0.25
iai,5,,,,,SAT_M,PSO,10000,15.926564594556849,3.2116755945272772,0.03973477998264796,0.04696640417661402,0.25
iai,3,,,,,SAT_L,PSO,10000,26.77064209391238,4.325940594059409,-0.014900601036955008,-2.220446049250313e-16,0.25
iai,4,,,,,SAT_L,PSO,10000,26.77064209391238,4.325940594059409,-0.014900601036955008,-2.220446049250313e-16,0.25
iai,5,,,,,SAT_L,PSO,10000,26.77064209391238,4.325940594059409,-0.014900601036955008,-2.220446049250313e-16,0.25
iai,3,,,,,GC_S,PSO,10000,772.177551020409,23.092857142857167,-0.042219134253265844,0.0,0.25
iai,4,,,,,GC_S,PSO,10000,772.177551020409,23.092857142857167,-0.042219134253265844,0.0,0.25
iai,5,,,,,GC_S,PSO,10000,772.177551020409,23.092857142857167,-0.042219134253265844,0.0,0.25
iai,3,,,,,GC_L,PSO,10000,185.38301282051282,9.570512820512821,-0.01605538679408469,0.0,0.25
iai,4,,,,,GC_L,PSO,10000,185.38301282051282,9.570512820512821,-0.01605538679408469,0.0,0.25
iai,5,,,,,GC_L,PSO,10000,185.38301282051282,9.570512820512821,-0.01605538679408469,0.0,0.25
iai,3,,,,,BT,PSO,10000,32.95349581403798,4.697995715687616,-0.004955299574632921,-2.220446049250313e-16,0.25
iai,4,,,,,BT,PSO,10000,32.95349581403798,4.697995715687616,-0.004955299574632921,-2.220446049250313e-16,0.25
iai,5,,,,,BT,PSO,10000,32.95349581403798,4.697995715687616,-0.004955299574632921,-2.220446049250313e-16,0.25
naive,3,,,,,SAT_S,CRO,10000,8.97372084377563,2.4389277389277386,0.4431070145605136,0.4445448559152322,
naive,4,,,,,SAT_S,CRO,10000,6.366542628447393,2.0396825396825395,0.6049038082410321,0.6054417200577031,
naive,5,,,,,SAT_S,CRO,10000,4.393326474254861,1.4233354880413709,0.7273580559445253,0.7292264328415119,
naive,3,,,,,SAT_S,BBO,10000,6.738630146118257,2.0903954058112277,0.3017264720446704,0.3149179970267124,
naive,4,,,,,SAT_S,BBO,10000,6.907265034132432,1.9248556343837646,0.2842521077248181,0.2910032007096125,
naive,5,,,,,SAT_S,BBO,10000,6.470765414722716,1.693760262725779,0.3294832782427545,0.3401327314782223,
naive,3,,,,,SAT_S,ACO,10000,3.2017497182610337,1.3161405102581574,0.47125390367003495,0.47153805642536095,
naive,4,,,,,SAT_S,ACO,10000,2.6862489589567495,1.2191755616387974,0.5563851719208568,0.5588979584756221,
naive,5,,,,,SAT_S,ACO,10000,2.8243555319269156,1.1480719006294444,0.533577857870355,0.5392699912294345,
naive,3,,,,,SAT_S,BRO,10000,5.73784690322623,1.788615658942304,0.3844999805671545,0.3846803790515422,
naive,4,,,,,SAT_S,BRO,10000,6.324043173684405,1.8311071623052237,0.3216185858656684,0.3223387256065653,
naive,5,,,,,SAT_S,BRO,10000,5.766776680427944,1.8027270140052096,0.3813966774065507,0.3897024191996712,
naive,3,,,,,SAT_S,PSO,10000,2.871798578418185,1.3426245711959996,0.3658338012368476,0.36697400423869564,
naive,4,,,,,SAT_S,PSO,10000,2.433495303190366,1.1388280456683237,0.4626223169933278,0.4629946146354056,
naive,5,,,,,SAT_S,PSO,10000,2.7065057473589342,1.2379566730437728,0.4023346641954826,0.4041421665196243,
naive,3,,,,,SAT_M,CRO,10000,19.127190277821473,2.9978403102769864,0.6285882532477156,0.6297130496887542,
naive,4,,,,,SAT_M,CRO,10000,22.646071317502514,2.9909545744617,0.5602586274857508,0.561603174392219,
naive,5,,,,,SAT_M,CRO,10000,23.953368981893114,3.0233178344289477,0.5348735237667014,0.5374305619643408,
naive,3,,,,,SAT_M,BBO,10000,18.649524900378065,3.30950421940928,0.6136287097585624,0.6214550701939248,
naive,4,,,,,SAT_M,BBO,10000,22.90363420948331,3.5680761267717775,0.5254942553224722,0.5279884539875277,
naive,5,,,,,SAT_M,BBO,10000,21.194638304822107,3.455767821921669,0.5609003558118146,0.5675010058583174,
naive,3,,,,,SAT_M,ACO,10000,11.534575434434341,2.6750781738586604,0.764046623209712,0.7640543150788172,
naive,4,,,,,SAT_M,ACO,10000,9.142500090367658,2.3278524853853164,0.8129793523056055,0.8130938345427832,
naive,5,,,,,SAT_M,ACO,10000,7.955467740079328,2.123249743922921,0.8372615023510855,0.8372714213337178,
naive,3,,,,,SAT_M,BRO,10000,9.91493258755318,2.5116338756971,0.4785816051848928,0.48080890349587646,
naive,4,,,,,SAT_M,BRO,10000,8.461031975180342,2.2552052582726607,0.5550410784924394,0.5593317591008475,
naive,5,,,,,SAT_M,BRO,10000,7.002905707065578,1.9710652726548972,0.6317227756642978,0.6380142370628082,
naive,3,,,,,SAT_M,PSO,10000,20.94340205119117,3.4864091630918983,-0.23033926340541333,-0.22909064161001802,
naive,4,,,,,SAT_M,PSO,10000,21.433717342363146,3.5509942518674134,-0.2591432825758626,-0.2578035566300225,
naive,5,,,,,SAT_M,PSO,10000,20.912401322188938,3.4493682196139024,-0.22851809729341244,-0.2241761598924379,
naive,3,,,,,SAT_L,CRO,10000,26.729924258711403,3.7207209851802867,0.8070405447301701,0.8070407235857255,
naive,4,,,,,SAT_L,CRO,10000,29.252369120590046,3.849760121884016,0.788831380282663,0.7899920489037675,
naive,5,,,,,SAT_L,CRO,10000,27.07346515181853,3.4025770004219327,0.8045605727349162,0.8048824602528069,
naive,3,,,,,SAT_L,BBO,10000,101.71625900663967,7.097828241686285,0.4780504040920155,0.5066847896491203,
naive,4,,,,,SAT_L,BBO,10000,84.61220746851473,5.694289739705403,0.56581860237122,0.5762243873381445,
naive,5,,,,,SAT_L,BBO,10000,70.07828093325908,5.324682063448412,0.6403983908545716,0.6566543948784143,
naive,3,,,,,SAT_L,ACO,10000,65.35839696170011,5.932609998156212,0.550162763070505,0.5524604369828072,
naive,4,,,,,SAT_L,ACO,10000,52.65685751073446,5.406356356040065,0.6375826766084937,0.6380102040712285,
naive,5,,,,,SAT_L,ACO,10000,55.4422606664595,5.222136768011382,0.6184117954738126,0.6186839604417097,
naive,3,,,,,SAT_L,BRO,10000,15.422401718257204,3.0090555933332004,0.70067745425064,0.7006806683439204,
naive,4,,,,,SAT_L,BRO,10000,11.764196791951198,2.614266736532845,0.7716769802270974,0.771714385287336,
naive,5,,,,,SAT_L,BRO,10000,10.27841857999935,2.390269880133137,0.8005134043421487,0.8005148247727427,
naive,3,,,,,SAT_L,PSO,10000,40.05610989905701,4.930579514760903,0.008910349043402932,0.011549830550710793,
naive,4,,,,,SAT_L,PSO,10000,44.660297150632836,5.5217771626729375,-0.10500890940686713,-0.09035104756534684,
naive,5,,,,,SAT_L,PSO,10000,45.93340372182692,5.55316773285523,-0.1365087917083434,-0.13641715137546706,
naive,3,,,,,GC_S,CRO,10000,346.9189446982927,11.5120967047242,0.7605147225428387,0.7611640596825842,
naive,4,,,,,GC_S,CRO,10000,363.5540156704901,11.260554003162706,0.7490311911641734,0.7520587641950173,
naive,5,,,,,GC_S,CRO,10000,335.59431237611136,11.550624998609136,0.7683323489804395,0.7695981071756048,
naive,3,,,,,GC_S,BBO,10000,425.9124282682868,13.636622765913533,0.8294221964187379,0.8294323889313445,
naive,4,,,,,GC_S,BBO,10000,305.08895351985933,9.598384598457399,0.8778119628959455,0.8778126215317356,
naive,5,,,,,GC_S,BBO,10000,250.03713636502818,8.144152503744344,0.8998601996464193,0.8998607124464625,
naive,3,,,,,GC_S,ACO,10000,630.5953201298057,19.539661186417803,0.44868541439997667,0.4486994011847135,
naive,4,,,,,GC_S,ACO,10000,572.5956862501461,17.685905482176004,0.4993931236020296,0.49939415649801056,
naive,5,,,,,GC_S,ACO,10000,533.1227119279059,16.968342236959256,0.5339034121915271,0.5346709015524713,
naive,3,,,,,GC_S,BRO,10000,7547.044450441596,67.25896320957955,0.6080270534098982,0.6083612862421768,
naive,4,,,,,GC_S,BRO,10000,6358.040386190272,61.16406544935971,0.6697806881781323,0.6700790123946037,
naive,5,,,,,GC_S,BRO,10000,5645.590201157549,57.00450123202272,0.706783411583266,0.7072097567638203,
naive,3,,,,,GC_S,PSO,10000,544.2487343684068,18.78678210134928,-0.5634597403554589,-0.4323771671427561,
naive,4,,,,,GC_S,PSO,10000,603.7531081827174,19.61133538178992,-0.7343975615369809,-0.6478304591484625,
naive,5,,,,,GC_S,PSO,10000,928.0554516382206,24.3878543841779,-1.6660187591204965,-1.6158218697448397,
naive,3,,,,,GC_L,CRO,10000,166.5798340011124,8.583106216513336,0.7179683466347687,0.7179839312767435,
naive,4,,,,,GC_L,CRO,10000,114.6643422250396,7.196474032438125,0.8058650123306723,0.8059178925455429,
naive,5,,,,,GC_L,CRO,10000,129.88663255033975,6.7413743904349746,0.7800925787453362,0.7806126842465309,
naive,3,,,,,GC_L,BBO,10000,172.5661060913617,8.299660835659513,0.7718840629336164,0.7719565334175031,
naive,4,,,,,GC_L,BBO,10000,153.54678768794545,7.529526737925663,0.7970257882598066,0.7971092931921345,
naive,5,,,,,GC_L,BBO,10000,163.57534918189074,7.112660221819485,0.7837689862467392,0.7850046453721329,
naive,3,,,,,GC_L,ACO,10000,156.83233884558368,10.074238240221849,0.4520368436617639,0.4573044575709657,
naive,4,,,,,GC_L,ACO,10000,131.61380029593465,8.279661278925989,0.5401489644374995,0.540284684408597,
naive,5,,,,,GC_L,ACO,10000,153.708407373121,8.76679057932928,0.4629516802473512,0.47315841459035457,
naive,3,,,,,GC_L,BRO,10000,2764.337409192959,41.21041674049196,0.5202962259822246,0.5205829304605335,
naive,4,,,,,GC_L,BRO,10000,2431.272247626993,38.56618379466729,0.5780940239158999,0.5783647729157108,
naive,5,,,,,GC_L,BRO,10000,2066.2822012585075,34.984216737185484,0.6414318430039835,0.6415352793434469,
naive,3,,,,,GC_L,PSO,10000,139.7882759547019,10.370667636284137,-0.42207753497853995,-0.2510791805428372,
naive,4,,,,,GC_L,PSO,10000,154.51700533914874,10.32286548140207,-0.5719141005513741,-0.32560132923588214,
naive,5,,,,,GC_L,PSO,10000,146.608476984678,10.078837152007884,-0.49145999643696303,-0.23267745701799414,
naive,3,,,,,BT,CRO,10000,43.1373225824467,4.4754787123049145,0.8074785322810683,0.8074843338007488,
naive,4,,,,,BT,CRO,10000,40.263696002910905,3.856208238599198,0.8203035008616052,0.8205540555164874,
naive,5,,,,,BT,CRO,10000,28.36973048758617,3.2954471809157937,0.8733861578492332,0.8734073306877609,
naive,3,,,,,BT,BBO,10000,70.48419542564415,5.630046485449795,0.8320768848258372,0.832661114572213,
naive,4,,,,,BT,BBO,10000,50.62511982959511,4.617618910025571,0.8793895883110564,0.8796908710203114,
naive,5,,,,,BT,BBO,10000,48.519868496403106,3.8668043301909667,0.8844051859206951,0.8863014946747916,
naive,3,,,,,BT,ACO,10000,43.0201718997898,4.646522297491526,0.6505462871376991,0.6534170235573595,
naive,4,,,,,BT,ACO,10000,35.987232449859405,4.343981138974903,0.7076749943134586,0.7077045561165098,
naive,5,,,,,BT,ACO,10000,37.28343054144811,4.370651883885915,0.6971459514085203,0.6972663135994754,
naive,3,,,,,BT,BRO,10000,15.33829972605925,3.0261367248366984,0.498841780319321,0.4989956435083688,
naive,4,,,,,BT,BRO,10000,12.788010006706303,2.782985406673505,0.5821690511542634,0.5821712686450886,
naive,5,,,,,BT,BRO,10000,11.118673944638761,2.513951344494263,0.6367123515106365,0.6367554398016696,
naive,3,,,,,BT,PSO,10000,30.519049284222966,4.471330258432157,0.1107684546537111,0.11484401446041004,
naive,4,,,,,BT,PSO,10000,36.57544394702265,4.516870316260733,-0.06569632100404421,-0.05613435562719449,
naive,5,,,,,BT,PSO,10000,35.02928460356956,4.388748307155646,-0.02064597721626571,-0.01136315196986426,
naive,3,,,,,SAT_S,CRO,10000,2.0700718544296173,1.1727718135545058,0.6853490781266982,0.7036557340640386,
naive,4,,,,,SAT_S,CRO,10000,2.5749821470985315,1.3229195356191212,0.6086027136410233,0.6485838134561983,
naive,5,,,,,SAT_S,CRO,10000,1.9790205043857385,1.1425559512817145,0.6991888833333677,0.7084516199694735,
naive,3,,,,,SAT_S,BBO,10000,13.176745677944755,2.7347373976226717,-0.029048653125423263,-0.005065911176610038,
naive,4,,,,,SAT_S,BBO,10000,12.152916213425366,2.6648374501315693,0.050908140247106215,0.0842886539576504,
naive,5,,,,,SAT_S,BBO,10000,11.125779320987656,2.5189814814814815,0.13112322988852065,0.14729759633088935,
naive,3,,,,,SAT_S,ACO,10000,4.194717181462785,1.6792910989371184,0.5581867110963207,0.5667746759093932,
naive,4,,,,,SAT_S,ACO,10000,3.3882667168168066,1.4218401206636515,0.6431270102177242,0.6454516833574895,
naive,5,,,,,SAT_S,ACO,10000,4.125236541530194,1.5197001763668432,0.56550483737654,0.5692986443858031,
naive,3,,,,,SAT_S,BRO,10000,6.05532148803719,1.9560550518466917,0.3753183047325632,0.3760460808837356,
naive,4,,,,,SAT_S,BRO,10000,4.559791208903492,1.716229966958696,0.5296008464504016,0.5305058689376511,
naive,5,,,,,SAT_S,BRO,10000,3.820452962009317,1.5246002552812397,0.6058727785614109,0.6068458018623208,
naive,3,,,,,SAT_S,PSO,10000,5.073641331067247,1.7439801657253176,-0.12275307755329523,-0.10607586066343533,
naive,4,,,,,SAT_S,PSO,10000,3.461429130488272,1.4272233360738722,0.2340155806459342,0.23616223207243348,
naive,5,,,,,SAT_S,PSO,10000,3.1883035345206814,1.316306530586717,0.29445591992523557,0.29587177127718345,
naive,3,,,,,SAT_M,CRO,10000,20.22843613298424,3.2852748288125078,0.7176818975883965,0.719026365765377,
naive,4,,,,,SAT_M,CRO,10000,16.47530921874947,3.267620400986906,0.7700624010327011,0.7729592048508774,
naive,5,,,,,SAT_M,CRO,10000,15.173025686572016,2.8415221515188542,0.7882377168697332,0.7902034041827171,
naive,3,,,,,SAT_M,BBO,10000,23.095513474988337,3.741517052247304,0.5476211736567268,0.5484141560771505,
naive,4,,,,,SAT_M,BBO,10000,20.24975351092047,3.5563877799686128,0.6033619370735639,0.6046418340227735,
naive,5,,,,,SAT_M,BBO,10000,19.92525130236483,3.39126256257404,0.6097180602405667,0.6097264114755628,
naive,3,,,,,SAT_M,ACO,10000,14.849418581020299,2.4760003448406143,0.6973179716088229,0.6992430749980985,
naive,4,,,,,SAT_M,ACO,10000,12.580393346469274,2.0728091072404884,0.7435684801198088,0.7477944003431973,
naive,5,,,,,SAT_M,ACO,10000,9.117857166788596,1.6597905473872883,0.814146830950537,0.8165498790495498,
naive,3,,,,,SAT_M,BRO,10000,8.290308762792893,2.133526881773955,0.5390708235793765,0.5395856531732792,
naive,4,,,,,SAT_M,BRO,10000,7.223046547155871,1.9770689386887226,0.5984090591208833,0.598820816913081,
naive,5,,,,,SAT_M,BRO,10000,6.381672230167486,1.7526596712074143,0.6451882542132832,0.6451977425557647,
naive,3,,,,,SAT_M,PSO,10000,14.996808011820397,2.8434186677449964,-0.24973400098503307,-0.24385990847277594,
naive,4,,,,,SAT_M,PSO,10000,22.021755354929535,3.4781283820346345,-0.8351462795774611,-0.826022645536278,
naive,5,,,,,SAT_M,PSO,10000,22.913024528470686,3.7845836251167135,-0.9094187107058904,-0.9085668455475837,
naive,3,,,,,SAT_L,CRO,10000,41.94397886090047,4.391500202176884,0.7068755891276911,0.7084164581320076,
naive,4,,,,,SAT_L,CRO,10000,24.686333750925293,3.452973278491884,0.8274801953974229,0.8283726489531287,
naive,5,,,,,SAT_L,CRO,10000,17.535545854251342,2.8959992106922097,0.8774532915702162,0.8789158376715789,
naive,3,,,,,SAT_L,BBO,10000,41.79441065792943,4.862348770936974,0.7490048743706256,0.7490057168759913,
naive,4,,,,,SAT_L,BBO,10000,31.71108640514327,4.231585758415026,0.8095599868306121,0.8097136985890488,
naive,5,,,,,SAT_L,BBO,10000,28.335929993924584,3.808677284045743,0.8298293911389105,0.8299243409465376,
naive,3,,,,,SAT_L,ACO,10000,53.79024847627318,5.63011297502369,0.6687853974585916,0.6688328184898825,
naive,4,,,,,SAT_L,ACO,10000,43.901175144809244,4.791919568417299,0.7296775774682907,0.7306028226376118,
naive,5,,,,,SAT_L,ACO,10000,38.773770033299336,4.4817008690368345,0.7612496838292911,0.7622907183099998,
naive,3,,,,,SAT_L,BRO,10000,34.30338440138372,4.778692063492063,0.6275894591531812,0.6280674977929107,
naive,4,,,,,SAT_L,BRO,10000,27.19656528472339,3.9841483269319617,0.7047437807200416,0.7073742959721939,
naive,5,,,,,SAT_L,BRO,10000,29.05852538237222,4.130812083918236,0.6845296362820769,0.6852013788910218,
naive,3,,,,,SAT_L,PSO,10000,45.808396701739,5.403973026151565,-0.05759561365114374,-0.0572865781907137,
naive,4,,,,,SAT_L,PSO,10000,48.56421297042729,5.262636021526599,-0.12122017612535396,-0.12120748746519538,
naive,5,,,,,SAT_L,PSO,10000,52.97158498748818,5.806971397396928,-0.22297482480519815,-0.22277309523722955,
naive,3,,,,,GC_S,CRO,10000,234.2897641375859,12.472225485772464,0.8525765322322612,0.8539937673669706,
naive,4,,,,,GC_S,CRO,10000,144.2563874577338,8.66200323543383,0.9092287408929363,0.9093891165118126,
naive,5,,,,,GC_S,CRO,10000,94.95194234634688,6.3031863684210885,0.9402528545644849,0.940269975457563,
naive,3,,,,,GC_S,BBO,10000,531.4122563953292,16.754954572710222,0.7742402778752278,0.7751936572503776,
naive,4,,,,,GC_S,BBO,10000,379.48807621524566,12.950291666680501,0.8387821853843653,0.8390141916532028,
naive,5,,,,,GC_S,BBO,10000,283.4579810902538,10.560872647189191,0.8795786241757688,0.8798895090382187,
naive,3,,,,,GC_S,ACO,10000,784.5638197967113,20.1291167433053,0.3502272740531639,0.3523152227188976,
naive,4,,,,,GC_S,ACO,10000,720.8065417829641,18.32988850649463,0.4030308055041517,0.4071619078803669,
naive,5,,,,,GC_S,ACO,10000,627.1114890361931,16.384955060663152,0.48062868638371714,0.4814099120247908,
naive,3,,,,,GC_S,BRO,10000,9499.983433904858,76.51221526834921,0.6109093421958729,0.6109638753557283,
naive,4,,,,,GC_S,BRO,10000,7584.398859774717,67.36888203383207,0.6893659065902566,0.6894980791581885,
naive,5,,,,,GC_S,BRO,10000,6869.218223388022,63.715853251966124,0.7186575475911603,0.7193026442793047,
naive,3,,,,,GC_S,PSO,10000,654.5465106126462,20.63015764488243,0.18250463376243042,0.18305035077491283,
naive,4,,,,,GC_S,PSO,10000,607.0958177229653,19.449248807074326,0.24176814053106122,0.24598158440769602,
naive,5,,,,,GC_S,PSO,10000,826.51639828448,22.90439084724799,-0.03227702655462528,-0.027714361227640705,
naive,3,,,,,GC_L,CRO,10000,88.43855078048959,6.229572510185008,0.7870181913905997,0.7870199010280388,
naive,4,,,,,GC_L,CRO,10000,53.497824901917774,4.796317777198081,0.8711640635930332,0.8713471721891779,
naive,5,,,,,GC_L,CRO,10000,39.214504363386055,4.041271898380446,0.9055618167719036,0.9055626805765083,
naive,3,,,,,GC_L,BBO,10000,150.36522328259264,8.685644486760363,0.7226679693613516,0.7231552800933932,
naive,4,,,,,GC_L,BBO,10000,99.25705948577603,6.641115676627441,0.8169313271947363,0.8169758660055575,
naive,5,,,,,GC_L,BBO,10000,103.04518335511585,6.165816490438844,0.8099445515157593,0.8106979789993395,
naive,3,,,,,GC_L,ACO,10000,142.7677512087252,9.42860015268771,0.3320548154910906,0.33916113529085257,
naive,4,,,,,GC_L,ACO,10000,147.36700863717132,9.069404884462525,0.3105369879310269,0.3126456982757547,
naive,5,,,,,GC_L,ACO,10000,155.3400049032805,9.555919323767043,0.27323497527783847,0.2844576820130793,
naive,3,,,,,GC_L,BRO,10000,2811.813958002674,41.595063102603234,0.7038425489257429,0.7043648398778287,
naive,4,,,,,GC_L,BRO,10000,2463.0388129825465,38.27076154228419,0.7405776812958047,0.741433446052367,
naive,5,,,,,GC_L,BRO,10000,2200.2977570546955,35.372310705353414,0.7682511769745245,0.7694521660093008,
naive,3,,,,,GC_L,PSO,10000,124.10406672719091,8.337530062530067,-0.09596261598137468,-0.09579639879510737,
naive,4,,,,,GC_L,PSO,10000,253.9507025562285,8.678361344537818,-1.2426378413178365,-1.2423773549703383,
naive,5,,,,,GC_L,PSO,10000,128.75616518495397,8.551518620268617,-0.1370452825694135,-0.10574989017432102,
naive,3,,,,,BT,CRO,10000,30.563688009134548,4.003989064818499,0.8411677876318701,0.8412360749710808,
naive,4,,,,,BT,CRO,10000,30.661529910741006,3.949803633372215,0.8406593265557782,0.8406949712962025,
naive,5,,,,,BT,CRO,10000,28.009801493507005,3.680662215474177,0.854439728023783,0.8544776146995864,
naive,3,,,,,BT,BBO,10000,43.70863143947209,4.745873507256989,0.8652177549614847,0.8659088932485022,
naive,4,,,,,BT,BBO,10000,29.876542451108985,4.026586993151083,0.9078711153167689,0.9094226952073332,
naive,5,,,,,BT,BBO,10000,24.7312989766976,3.3324842424215486,0.9237372599182369,0.9237411932601427,
naive,3,,,,,BT,ACO,10000,78.26712961552563,6.839503624396648,0.4764003825623526,0.47641621854500826,
naive,4,,,,,BT,ACO,10000,61.849716306390604,5.921276624062216,0.5862313086510698,0.5862337753674097,
naive,5,,,,,BT,ACO,10000,65.03244308354387,5.907897040001241,0.5649391706729392,0.5650456407169347,
naive,3,,,,,BT,BRO,10000,27.56852965315599,4.121246275002289,0.21447462751758195,0.21472590529271884,
naive,4,,,,,BT,BRO,10000,25.93090701003518,4.003415156110389,0.26113631578704877,0.26157784179056054,
naive,5,,,,,BT,BRO,10000,25.17599596051657,3.9621341204656138,0.2826464141065764,0.2832997296758517,
naive,3,,,,,BT,PSO,10000,25.62931798055868,4.316340902062087,0.080694404415523,0.09701699697479615,
naive,4,,,,,BT,PSO,10000,33.72106764795719,4.828377957851977,-0.20955096040265242,-0.18811355170624178,
naive,5,,,,,BT,PSO,10000,31.9175225982603,4.575539288541617,-0.1448590689784357,-0.10569973707280811,
naive,3,,,,,SAT_S,CRO,10000,4.133777435403038,1.4659407372962368,0.7170887614910817,0.7170890996968067,
naive,4,,,,,SAT_S,CRO,10000,6.058464458296791,1.7259773055227607,0.5853652718020861,0.585699281022944,
naive,5,,,,,SAT_S,CRO,10000,7.678559440827005,1.8598484848484849,0.47448773057688476,0.4903258166125811,
naive,3,,,,,SAT_S,BBO,10000,5.217655328356492,1.9023896978442427,0.35984377505856013,0.3665421254944127,
naive,4,,,,,SAT_S,BBO,10000,5.234800079403254,1.7373256373256365,0.3577402786761893,0.38797772870435343,
naive,5,,,,,SAT_S,BBO,10000,4.532704633016259,1.6223212517330161,0.4438806505909524,0.4611960210645817,
naive,3,,,,,SAT_S,ACO,10000,6.905060281416296,1.9916995397764643,0.249878148690303,0.28254958218754245,
naive,4,,,,,SAT_S,ACO,10000,5.488626163571004,1.8317478769198625,0.4037505465310355,0.4092019553177184,
naive,5,,,,,SAT_S,ACO,10000,6.4917435973117765,1.8476939726939723,0.2947782456658613,0.29521897311448864,
naive,3,,,,,SAT_S,BRO,10000,9.275717350124994,2.368692669102841,0.06691412274383624,0.11329687251691312,
naive,4,,,,,SAT_S,BRO,10000,7.4518948914356775,2.1700227768901468,0.2503805776377731,0.3010801504596491,
naive,5,,,,,SAT_S,BRO,10000,6.0719456162543475,1.9558764241061695,0.38919584457604683,0.4144956141639228,
naive,3,,,,,SAT_S,PSO,10000,3.6692202208473885,1.6009585207396313,0.4687422460163049,0.49137079324541866,
naive,4,,,,,SAT_S,PSO,10000,2.234563605905486,1.2510805422647522,0.6764627983727579,0.680021480700024,
naive,5,,,,,SAT_S,PSO,10000,2.033220104943332,1.1780534670008354,0.7056148496703671,0.7058173701220847,
naive,3,,,,,SAT_M,CRO,10000,26.596584071751366,3.5073333490362844,0.5801562368210746,0.5889071969842816,
naive,4,,,,,SAT_M,CRO,10000,13.068264671185444,2.700661928514096,0.7937092446546122,0.8014305583017783,
naive,5,,,,,SAT_M,CRO,10000,15.532762346535732,2.502339586965122,0.7548056029097405,0.7729882156880435,
naive,3,,,,,SAT_M,BBO,10000,20.96918921897915,3.552620220501995,0.596684629228972,0.6017010491056893,
naive,4,,,,,SAT_M,BBO,10000,16.431776629922602,3.152506082725059,0.6839559214847611,0.6839704787656351,
naive,5,,,,,SAT_M,BBO,10000,14.90589156927829,2.7411364054221194,0.7133043570661772,0.7138103135624794,
naive,3,,,,,SAT_M,ACO,10000,18.33677674720627,3.311025300155735,0.5955745468401212,0.5985191985918279,
naive,4,,,,,SAT_M,ACO,10000,12.033569601144652,2.562568075856365,0.7345944761084938,0.7371073366843521,
naive,5,,,,,SAT_M,ACO,10000,10.580955149599424,2.3802458846576484,0.7666325090698906,0.7666765409334563,
naive,3,,,,,SAT_M,BRO,10000,14.719803913351473,2.9845538058997687,0.4578076765073802,0.45825544589609435,
naive,4,,,,,SAT_M,BRO,10000,12.693736581287434,2.755262621252934,0.5324362626482522,0.5324395359427495,
naive,5,,,,,SAT_M,BRO,10000,11.200083483440126,2.5611404813511016,0.5874537919836271,0.5874538410644368,
naive,3,,,,,SAT_M,PSO,10000,21.370889536823064,3.3873968623968613,-0.2768056680258071,-0.2704710745922885,
naive,4,,,,,SAT_M,PSO,10000,22.822463613755392,3.559508075744918,-0.36353008844794554,-0.3603494785365151,
naive,5,,,,,SAT_M,PSO,10000,26.368134300709116,4.018753006253007,-0.5753664943333912,-0.5753602069039403,
naive,3,,,,,SAT_L,CRO,10000,28.597134867711585,3.481094006388129,0.7904981147224237,0.8001299177337801,
naive,4,,,,,SAT_L,CRO,10000,20.64362338979204,3.16530611435935,0.8487653382365647,0.8559377095725293,
naive,5,,,,,SAT_L,CRO,10000,16.799195034472735,2.6412290583833165,0.8769295229347788,0.8827660273098185,
naive,3,,,,,SAT_L,BBO,10000,48.633279186346286,5.6915644570017525,0.7745247329695536,0.7746673031017828,
naive,4,,,,,SAT_L,BBO,10000,40.68540387025908,4.924811441189051,0.8113729434789237,0.8116047375954047,
naive,5,,,,,SAT_L,BBO,10000,42.05513925149988,4.9079263343156985,0.8050225296056799,0.806747843902678,
naive,3,,,,,SAT_L,ACO,10000,42.277776781226954,4.631429680206344,0.717504377567317,0.7216055067731959,
naive,4,,,,,SAT_L,ACO,10000,27.800970864866997,4.0531918830711255,0.8142368599620682,0.8171971822740473,
naive,5,,,,,SAT_L,ACO,10000,23.17864317389951,3.6270181825609003,0.8451227635634966,0.8455036057379459,
naive,3,,,,,SAT_L,BRO,10000,22.25427650894385,3.1596240088976,0.6204705848577605,0.6210436880162438,
naive,4,,,,,SAT_L,BRO,10000,17.338742983003765,3.0145208745973466,0.7043011943795907,0.7046877450890734,
naive,5,,,,,SAT_L,BRO,10000,17.148899539275227,2.8400186526006514,0.7075388269819323,0.7089424648041096,
naive,3,,,,,SAT_L,PSO,10000,35.64654592632665,4.544037636018765,-0.2130533431498618,-0.18118469341494414,
naive,4,,,,,SAT_L,PSO,10000,41.940746800560724,4.991822870197696,-0.4272452435019085,-0.375190353694963,
naive,5,,,,,SAT_L,PSO,10000,42.40015850651767,4.890535878365491,-0.44287904170903514,-0.3686024301586046,
naive,3,,,,,GC_S,CRO,10000,228.19078895716976,9.47487986738507,0.8207669022813282,0.8214224547500181,
naive,4,,,,,GC_S,CRO,10000,251.49786362875435,9.253317777951132,0.802460294853223,0.8065447789963582,
naive,5,,,,,GC_S,CRO,10000,258.8341374699081,8.755456138800517,0.7966979979074456,0.8042595681699807,
naive,3,,,,,GC_S,BBO,10000,312.2475876902727,11.803064818224199,0.8472471661916181,0.8480250409600399,
naive,4,,,,,GC_S,BBO,10000,233.8884530032911,10.488491796902819,0.885580784608815,0.8860733025536454,
naive,5,,,,,GC_S,BBO,10000,158.93956573166426,8.682019750995643,0.9222460956403999,0.9226666286507285,
naive,3,,,,,GC_S,ACO,10000,561.8022133868321,18.359335244507204,0.607947950045274,0.6090650944000895,
naive,4,,,,,GC_S,ACO,10000,629.4273883596585,18.686663853381088,0.5607559172534982,0.560961784038624,
naive,5,,,,,GC_S,ACO,10000,555.947687667926,16.951358215116823,0.6120335138877031,0.6122781595413036,
naive,3,,,,,GC_S,BRO,10000,9869.88708596156,76.84432578885273,0.5570222010358208,0.5570499774495851,
naive,4,,,,,GC_S,BRO,10000,8003.484488462291,68.29893085994787,0.6407896147276367,0.64086776946288,
naive,5,,,,,GC_S,BRO,10000,7048.572032250775,63.695144617778695,0.6836477563022973,0.6836597163070832,
naive,3,,,,,GC_S,PSO,10000,937.6281371512943,24.26648947951273,-0.05456188265080697,-0.03524039270447665,
naive,4,,,,,GC_S,PSO,10000,1117.808483794501,27.399196713599967,-0.2572129316583893,-0.25689947762311216,
naive,5,,,,,GC_S,PSO,10000,1089.7277111534247,26.508946608946612,-0.22563014175552576,-0.22542955142782484,
naive,3,,,,,GC_L,CRO,10000,175.89894026802693,8.015834717971428,0.6297177052109943,0.6304267606873284,
naive,4,,,,,GC_L,CRO,10000,131.59680744363155,6.358498651456695,0.7229774791543071,0.7230674865540703,
naive,5,,,,,GC_L,CRO,10000,125.5426074809864,5.801844188526112,0.7357220872336045,0.7357483447875984,
naive,3,,,,,GC_L,BBO,10000,175.58217509355174,9.51093916892353,0.6635869604631218,0.666407625791712,
naive,4,,,,,GC_L,BBO,10000,176.4423266676857,9.147895188990772,0.661938921843241,0.6629398364901672,
naive,5,,,,,GC_L,BBO,10000,135.55156882386876,7.8249103862348335,0.7402850530941809,0.7441118280912877,
naive,3,,,,,GC_L,ACO,10000,148.52594416096744,9.663209569571078,0.18166948787941606,0.21633641324217434,
naive,4,,,,,GC_L,ACO,10000,170.55879960184757,9.811144833004674,0.06027549184547243,0.11079211685308799,
naive,5,,,,,GC_L,ACO,10000,214.7030422074496,11.157398873527908,-0.18294518493721146,-0.11483297608909204,
naive,3,,,,,GC_L,BRO,10000,2708.2163010934387,41.40259605422763,0.6173142876252046,0.6173181099184262,
naive,4,,,,,GC_L,BRO,10000,2139.6352735568457,36.26397132005063,0.6976578833261031,0.697732115501156,
naive,5,,,,,GC_L,BRO,10000,1767.0383812349787,33.16637064900362,0.7503078533854588,0.7503089222291537,
naive,3,,,,,GC_L,PSO,10000,167.310375503079,10.455243503419865,-0.3109068760164819,-0.20407106960609944,
naive,4,,,,,GC_L,PSO,10000,179.49235374500233,10.709836785981071,-0.40635486597408366,-0.30372345980656146,
naive,5,,,,,GC_L,PSO,10000,203.3342656395703,10.580384037673044,-0.5931605326638527,-0.5219423459961843,
naive,3,,,,,BT,CRO,10000,31.537747694923286,3.8978172434344667,0.83741211965982,0.8407505875879232,
naive,4,,,,,BT,CRO,10000,28.58916944131555,3.594050464408803,0.8526130494443017,0.852620126141515,
naive,5,,,,,BT,CRO,10000,25.299210892396044,3.0831060271856576,0.8695739114579827,0.8701410359318844,
naive,3,,,,,BT,BBO,10000,64.79786585253703,5.456455183737627,0.8480407797301751,0.8484899930232809,
naive,4,,,,,BT,BBO,10000,51.50977001208845,4.518634467762236,0.8792030511448008,0.8803140998305443,
naive,5,,,,,BT,BBO,10000,49.21900306163101,4.1015320927151855,0.8845751904125291,0.8860976839721604,
naive,3,,,,,BT,ACO,10000,41.03355102585423,5.1292850460133605,0.757929074578095,0.7641483359066897,
naive,4,,,,,BT,ACO,10000,33.76055253418557,4.631954093185037,0.800834975516599,0.8052196247639329,
naive,5,,,,,BT,ACO,10000,38.823089565864876,4.71422292810527,0.7709693413318043,0.7713104989092823,
naive,3,,,,,BT,BRO,10000,28.616048593299258,4.32608170587443,0.39984658935429673,0.40008412156575646,
naive,4,,,,,BT,BRO,10000,27.0847447776594,4.144642897183504,0.43196203690446056,0.4320441678339224,
naive,5,,,,,BT,BRO,10000,23.66508030445689,3.846233140229346,0.5036813481910999,0.5036955981036388,
naive,3,,,,,BT,PSO,10000,43.704406611488466,5.09409816830537,0.056439562892869,0.09094916892943239,
naive,4,,,,,BT,PSO,10000,48.45611036961251,5.881902345650946,-0.04614779665820534,-0.042060816931231315,
naive,5,,,,,BT,PSO,10000,50.22091403742913,5.86235003721185,-0.08424919304635803,-0.07464604802963248,
naive,3,,,,,SAT_S,CRO,10000,9.051517205418124,2.456912318450781,0.6331639310034382,0.6577932725836222,
naive,4,,,,,SAT_S,CRO,10000,9.105343284276678,2.344012969012968,0.6309824903974199,0.6317100326275855,
naive,5,,,,,SAT_S,CRO,10000,7.328372469679625,2.0402366863905326,0.7029988135789313,0.7095449958842321,
naive,3,,,,,SAT_S,BBO,10000,11.463296408549615,2.657302757302757,-0.05393469891660585,-0.005618173300161233,
naive,4,,,,,SAT_S,BBO,10000,10.439976847294396,2.5818713450292394,0.04014923255031588,0.05211608398775103,
naive,5,,,,,SAT_S,BBO,10000,7.903460714351098,2.1878851540616244,0.27335635479456644,0.2760398989827544,
naive,3,,,,,SAT_S,ACO,10000,4.593404249540344,1.684949494949495,0.343271664796305,0.34546082829389857,
naive,4,,,,,SAT_S,ACO,10000,2.9760219378384933,1.2561904761904743,0.5745120989597365,0.5808431872391899,
naive,5,,,,,SAT_S,ACO,10000,2.212516119285691,1.1110155122655125,0.6836720765921629,0.6958525360263881,
naive,3,,,,,SAT_S,BRO,10000,4.632656187062464,1.7487330704802642,0.5607704344138218,0.5608315709537879,
naive,4,,,,,SAT_S,BRO,10000,4.2910811649782525,1.6145296803893523,0.5931557102700623,0.5971609735296536,
naive,5,,,,,SAT_S,BRO,10000,5.01783911772665,1.6515961376504946,0.5242506227819295,0.5492641925747539,
naive,3,,,,,SAT_S,PSO,10000,2.3613967694195526,1.2956468696485928,0.3107477650218461,0.3254265639162631,
naive,4,,,,,SAT_S,PSO,10000,2.340348412223534,1.1702815138876361,0.31689142856363217,0.35538038087910295,
naive,5,,,,,SAT_S,PSO,10000,2.2708746604415144,1.168698306235694,0.33716965512351893,0.3579236663147982,
naive,3,,,,,SAT_M,CRO,10000,35.97859666330625,4.4532500666792485,0.28855262014579053,0.2921824148607134,
naive,4,,,,,SAT_M,CRO,10000,32.5089985056593,3.8697626961515863,0.3571610914962703,0.3807752929341508,
naive,5,,,,,SAT_M,CRO,10000,28.434150696355406,3.5243944871395847,0.43773788064576447,0.46914680489470406,
naive,3,,,,,SAT_M,BBO,10000,35.47438360660055,4.2720708689458675,0.1615062042276182,0.16852455628094953,
naive,4,,,,,SAT_M,BBO,10000,35.613346933938345,4.081915151631336,0.15822158372216288,0.16183756806400962,
naive,5,,,,,SAT_M,BBO,10000,32.27735506773739,4.164598445639844,0.23707308720638876,0.2370871899027519,
naive,3,,,,,SAT_M,ACO,10000,14.992087474673255,3.0600070629003806,0.7262711954498493,0.7264261852826089,
naive,4,,,,,SAT_M,ACO,10000,13.736973984808118,2.513950549498438,0.7491873314273069,0.7513258121149138,
naive,5,,,,,SAT_M,ACO,10000,12.215828343595282,2.3732557096064983,0.7769607404751978,0.7779940256104516,
naive,3,,,,,SAT_M,BRO,10000,11.56855020753507,2.657037587278702,0.5561343062822747,0.5565216702492266,
naive,4,,,,,SAT_M,BRO,10000,10.46223906624142,2.4979628234584443,0.5985815925358375,0.5987308371766594,
naive,5,,,,,SAT_M,BRO,10000,9.487425287274263,2.379638998193503,0.6359835475331912,0.6359885538317824,
naive,3,,,,,SAT_M,PSO,10000,15.880174612678436,2.9801388888888853,-0.013257357691127902,0.019282958912810955,
naive,4,,,,,SAT_M,PSO,10000,16.910548942382785,3.120728570884651,-0.07900187223289246,-0.07053823199807718,
naive,5,,,,,SAT_M,PSO,10000,17.767907981380716,3.4348594701038304,-0.13370689756391596,-0.10116980623574334,
naive,3,,,,,SAT_L,CRO,10000,60.034500955406365,5.593764016862187,0.6435141354537924,0.6592853993041967,
naive,4,,,,,SAT_L,CRO,10000,37.86712706924149,3.9581473845851467,0.7751443700483697,0.7781910955214288,
naive,5,,,,,SAT_L,CRO,10000,34.973373475086305,3.784463495791977,0.7923275269894487,0.7944074601420071,
naive,3,,,,,SAT_L,BBO,10000,76.91235676306056,6.5674904285292515,0.5801593777108451,0.5811338217337048,
naive,4,,,,,SAT_L,BBO,10000,42.330270427252,5.100025114700678,0.7689322259023377,0.7692568136203539,
naive,5,,,,,SAT_L,BBO,10000,35.864748516702896,4.5289945331803825,0.8042254980967064,0.8048355591142895,
naive,3,,,,,SAT_L,ACO,10000,42.819228089789696,5.06401791727678,0.6985813265816343,0.7028114479511638,
naive,4,,,,,SAT_L,ACO,10000,38.342110778150136,4.441108904089673,0.7300972324261532,0.7324636700315641,
naive,5,,,,,SAT_L,ACO,10000,38.98751784652998,4.422065262746321,0.7255539991395104,0.7297083382966555,
naive,3,,,,,SAT_L,BRO,10000,22.082048925829085,3.341354220751662,0.6910066426712518,0.6945680514464798,
naive,4,,,,,SAT_L,BRO,10000,21.74123376872644,3.282235930104364,0.6957756575382776,0.6997832113399087,
naive,5,,,,,SAT_L,BRO,10000,17.967045970091263,2.8995419472047246,0.748587738654781,0.7561603058764399,
naive,3,,,,,SAT_L,PSO,10000,42.879102613162864,5.680094859400173,-0.5624989207220195,-0.5614822912767692,
naive,4,,,,,SAT_L,PSO,10000,51.71144640872605,6.007749516122727,-0.8843463197339769,-0.8682840214192187,
naive,5,,,,,SAT_L,PSO,10000,67.96801343586709,7.017893931012128,-1.4767297159936645,-1.4710525660647953,
naive,3,,,,,GC_S,CRO,10000,92.11120884835243,7.307751771741119,0.9344913377505678,0.9393061260390168,
naive,4,,,,,GC_S,CRO,10000,68.02102375469202,6.097743086962376,0.9516240604512876,0.9548168860083578,
naive,5,,,,,GC_S,CRO,10000,47.14438615639274,4.767519655563135,0.966471337112072,0.967247859988281,
naive,3,,,,,GC_S,BBO,10000,270.959525416658,12.381943880477772,0.8828036665827552,0.883354971268192,
naive,4,,,,,GC_S,BBO,10000,197.81852704879603,9.618044371136849,0.9144388593961802,0.9151793203237878,
naive,5,,,,,GC_S,BBO,10000,170.70365877282225,8.015720389102317,0.9261666742354969,0.9264362659345639,
naive,3,,,,,GC_S,ACO,10000,553.9871711600132,18.783742131811422,0.5724251914691048,0.577002627664581,
naive,4,,,,,GC_S,ACO,10000,548.6106027139563,18.22044374554987,0.5765748998803344,0.5867608346434311,
naive,5,,,,,GC_S,ACO,10000,523.6251899801244,17.587886617881566,0.5958589801296366,0.595889236791135,
naive,3,,,,,GC_S,BRO,10000,10666.874165189136,80.49870802991155,0.6777849791489068,0.6779345976100453,
naive,4,,,,,GC_S,BRO,10000,8809.40192004267,73.48707694059648,0.7338937743715401,0.7339142182755134,
naive,5,,,,,GC_S,BRO,10000,7418.023470652027,65.96753925062087,0.7759232414055893,0.7759245802476349,
naive,3,,,,,GC_S,PSO,10000,471.99246328538237,17.837679357679352,0.06336017977255004,0.10754889868938622,
naive,4,,,,,GC_S,PSO,10000,563.757733404054,20.193519064643507,-0.1187423171800488,-0.09012009933317655,
naive,5,,,,,GC_S,PSO,10000,793.2162668882031,23.877450697450683,-0.5740885700762526,-0.5520943113988352,
naive,3,,,,,GC_L,CRO,10000,113.62739210098268,7.450147458042197,0.713081087649891,0.7160976639858625,
naive,4,,,,,GC_L,CRO,10000,107.5447363236728,7.3931261805199675,0.7284403152758743,0.7297930970846627,
naive,5,,,,,GC_L,CRO,10000,90.05768469942616,6.627709868234471,0.7725966207183158,0.7762642569506787,
naive,3,,,,,GC_L,BBO,10000,122.33784880187505,7.9499363400121235,0.7707726494606563,0.7723045627964168,
naive,4,,,,,GC_L,BBO,10000,84.63875524374708,6.346595840899086,0.8414103418730805,0.8418839980602744,
naive,5,,,,,GC_L,BBO,10000,106.90403745127672,6.370228871585722,0.799691350576214,0.7997731099047031,
naive,3,,,,,GC_L,ACO,10000,134.9235581221986,8.690105234677603,0.09026921850036296,0.09061729581593736,
naive,4,,,,,GC_L,ACO,10000,124.83765320650534,8.653084846117938,0.15827408206002813,0.16851033883455635,
naive,5,,,,,GC_L,ACO,10000,147.1106115039787,9.109814447804293,0.008097226066370866,0.008161430187272667,
naive,3,,,,,GC_L,BRO,10000,3045.1416759878075,43.98615418085123,0.6226169468295208,0.6228203476163432,
naive,4,,,,,GC_L,BRO,10000,2411.009219700053,38.49297070014996,0.7012047000219035,0.701233111833208,
naive,5,,,,,GC_L,BRO,10000,1947.6269555223892,34.40848094546937,0.7586314578701043,0.7586583837196055,
naive,3,,,,,GC_L,PSO,10000,240.99197191638157,12.343718282511812,-0.053892443079103236,0.03208467600823006,
naive,4,,,,,GC_L,PSO,10000,238.5960378894286,12.20453832614601,-0.04341468008541316,0.08454870525939906,
naive,5,,,,,GC_L,PSO,10000,215.65582129310152,11.526690117907629,0.05690617592158931,0.16460008332694576,
naive,3,,,,,BT,CRO,10000,17.18716904385009,3.010254852926748,0.9114259668189829,0.9115831839398237,
naive,4,,,,,BT,CRO,10000,14.916158986387877,2.615270129589392,0.9231296115362063,0.9235118876559776,
naive,5,,,,,BT,CRO,10000,14.539791584963305,2.3330357820207395,0.9250692200090724,0.9254941755285698,
naive,3,,,,,BT,BBO,10000,80.29789707172935,6.383677404295648,0.7922221433584342,0.7929289158576602,
naive,4,,,,,BT,BBO,10000,46.03848543129339,4.619003202905987,0.8808713780213562,0.8811554588231254,
naive,5,,,,,BT,BBO,10000,43.831021834153255,4.253445767813164,0.8865833838341404,0.8890618329103804,
naive,3,,,,,BT,ACO,10000,70.47167456723187,6.300160840321935,0.6277926487334,0.6309148930140756,
naive,4,,,,,BT,ACO,10000,51.40023374456428,5.259534166269969,0.7285214949973075,0.7290108985012089,
naive,5,,,,,BT,ACO,10000,62.700028022327444,5.783127674316894,0.6688398353260703,0.6725466255679942,
naive,3,,,,,BT,BRO,10000,21.821740315926288,3.6965083486757764,0.28600923327853156,0.28619363341517223,
naive,4,,,,,BT,BRO,10000,19.153993388138467,3.4263287393783126,0.3732958862591793,0.3733928859900578,
naive,5,,,,,BT,BRO,10000,18.49952172894405,3.3322058571652624,0.3947097017927026,0.39470971852759884,
naive,3,,,,,BT,PSO,10000,20.775782148672505,3.8573358463670075,0.178608643225161,0.1791553595795934,
naive,4,,,,,BT,PSO,10000,32.648752457710984,4.799942614814076,-0.2908011301975755,-0.2905881890048252,
naive,5,,,,,BT,PSO,10000,26.94750917246455,4.242503632316131,-0.06539676641186687,-0.06539675918460275,
naive,3,,,,,SAT_S,CRO,10000,5.910109966874684,1.8836418789543785,0.35231671595893876,0.37340140104587105,
naive,4,,,,,SAT_S,CRO,10000,6.208746616593329,1.9152862762237763,0.3195894118801831,0.32699262982707344,
naive,5,,,,,SAT_S,CRO,10000,7.189119425548001,2.0642857142857154,0.21215129583035608,0.25994857513020386,
naive,3,,,,,SAT_S,BBO,10000,2.9884084003572924,1.4576322115384621,0.7615049332112955,0.7693162808739489,
naive,4,,,,,SAT_S,BBO,10000,2.9029617841220876,1.4215856481481488,0.7683241472261696,0.7747754214624452,
naive,5,,,,,SAT_S,BBO,10000,2.659754640808349,1.3077661099865057,0.7877337111536319,0.7939049821731936,
naive,3,,,,,SAT_S,ACO,10000,3.26283735838416,1.340373376321088,0.6193160590145956,0.619351607929315,
naive,4,,,,,SAT_S,ACO,10000,3.4130467821064667,1.4122367725982192,0.6017907247380283,0.602100896343001,
naive,5,,,,,SAT_S,ACO,10000,2.5427009573853008,1.2015432098765435,0.7033362944930366,0.7038050282178183,
naive,3,,,,,SAT_S,BRO,10000,7.1832138592223105,2.14324600635526,0.5242192230699709,0.5252650223769808,
naive,4,,,,,SAT_S,BRO,10000,6.1017909874784815,2.014836901766248,0.595847358357577,0.5960532018563381,
naive,5,,,,,SAT_S,BRO,10000,4.766094967161162,1.7629461085301483,0.6843172971264228,0.6844816167908665,
naive,3,,,,,SAT_S,PSO,10000,3.23027678600424,1.4851405108965654,0.16505557649890412,0.1661424591277193,
naive,4,,,,,SAT_S,PSO,10000,2.8649523777974597,1.2660092551809545,0.25948264811167354,0.25971494881050206,
naive,5,,,,,SAT_S,PSO,10000,2.164583830828286,1.09377971755021,0.4405101115231972,0.4416924955742738,
naive,3,,,,,SAT_M,CRO,10000,19.960846574764044,3.0303697095846975,0.6896469322478688,0.6900714170310982,
naive,4,,,,,SAT_M,CRO,10000,14.92201758442182,2.626936304469661,0.7679911061371754,0.7688540202135339,
naive,5,,,,,SAT_M,CRO,10000,11.970233591222517,2.2891928175868426,0.8138857135727755,0.8149674782054496,
naive,3,,,,,SAT_M,BBO,10000,29.152952244143787,4.121707399015518,0.4698485274150056,0.47311691611287954,
naive,4,,,,,SAT_M,BBO,10000,21.302686650318538,3.681637644566339,0.6126069633324449,0.6127159614427521,
naive,5,,,,,SAT_M,BBO,10000,21.980207411348463,3.498018567925189,0.6002861312548267,0.6018523180414729,
naive,3,,,,,SAT_M,ACO,10000,13.145250329514571,2.5988069272198056,0.722960561369484,0.72381919495547,
naive,4,,,,,SAT_M,ACO,10000,11.762924686601915,2.1921950035462467,0.7520934200459936,0.7540858985933607,
naive,5,,,,,SAT_M,ACO,10000,11.477727536091848,2.191461545479194,0.7581040213275022,0.759081322967138,
naive,3,,,,,SAT_M,BRO,10000,11.641676942337805,2.5849644923099335,0.4271530151938777,0.42805375133832113,
naive,4,,,,,SAT_M,BRO,10000,10.800204726215991,2.4023418605055418,0.46855897622432585,0.4715114360470938,
naive,5,,,,,SAT_M,BRO,10000,10.076865674511495,2.2903138933473217,0.5041520094972652,0.5085561752683441,
naive,3,,,,,SAT_M,PSO,10000,14.188634831698735,2.7476373792270508,0.13392325536812455,0.1569773656592719,
naive,4,,,,,SAT_M,PSO,10000,12.935374352523606,2.7189700180771603,0.21042249358622656,0.2130139872293494,
naive,5,,,,,SAT_M,PSO,10000,17.030273843963492,3.0323557642754078,-0.03953088552377593,-0.037570051296090146,
naive,3,,,,,SAT_L,CRO,10000,65.02058759215731,4.885489470352168,0.7065425822922626,0.7085008286899497,
naive,4,,,,,SAT_L,CRO,10000,53.04070656556675,4.3316649454228635,0.7606113792794683,0.7647676465703934,
naive,5,,,,,SAT_L,CRO,10000,39.29800070657621,3.763476543718063,0.8226363335753719,0.8236760353564055,
naive,3,,,,,SAT_L,BBO,10000,47.937423990959246,4.981263929313138,0.7272473982107865,0.7272498639221097,
naive,4,,,,,SAT_L,BBO,10000,38.89932674353276,4.484394005566091,0.7786720333752546,0.7808258167185435,
naive,5,,,,,SAT_L,BBO,10000,29.34869124457161,3.626834049075743,0.8330128899380387,0.8346563331870669,
naive,3,,,,,SAT_L,ACO,10000,68.01495629245503,5.883892979482523,0.6786963983069403,0.6854649692866441,
naive,4,,,,,SAT_L,ACO,10000,52.16622740236719,4.7228857305263166,0.7535660145240863,0.7538301543347783,
naive,5,,,,,SAT_L,ACO,10000,54.59062870820224,4.920519562342282,0.7421131089577767,0.7428779830156163,
naive,3,,,,,SAT_L,BRO,10000,15.39034144480134,2.672841155544309,0.623773936729812,0.6256766185313742,
naive,4,,,,,SAT_L,BRO,10000,14.385635903988778,2.446346425404435,0.6483345620883441,0.6505141639132112,
naive,5,,,,,SAT_L,BRO,10000,12.595199893097991,2.144409142423761,0.6921028367774125,0.6971202548054849,
naive,3,,,,,SAT_L,PSO,10000,19.249731474269378,3.46635163642836,0.1709081397946174,0.17475161629213398,
naive,4,,,,,SAT_L,PSO,10000,21.81765990631338,3.624556476975828,0.060306671745907314,0.06030978279835231,
naive,5,,,,,SAT_L,PSO,10000,27.99677416496126,4.114085931893417,-0.20582968147916647,-0.19901643612864772,
naive,3,,,,,GC_S,CRO,10000,353.29155688232294,10.963769180510221,0.7365908242980288,0.7393502379144636,
naive,4,,,,,GC_S,CRO,10000,244.49228453011216,9.119176601411224,0.8177100191640866,0.8190142876295329,
naive,5,,,,,GC_S,CRO,10000,221.91257188004056,7.999814518889246,0.8345451327717516,0.8375924690859099,
naive,3,,,,,GC_S,BBO,10000,673.942161912278,16.9910132062437,0.7995580371694062,0.8029031548651244,
naive,4,,,,,GC_S,BBO,10000,688.1644214041773,15.789044781981367,0.7953280931630043,0.8001150333403054,
naive,5,,,,,GC_S,BBO,10000,414.89259580751076,12.049220587667936,0.8766038230468177,0.8783454280650691,
naive,3,,,,,GC_S,ACO,10000,589.0609593898927,18.85262403520935,0.44103598417972223,0.44198596625233044,
naive,4,,,,,GC_S,ACO,10000,455.11125466613873,15.97583245154995,0.5681417848219479,0.5682115614178629,
naive,5,,,,,GC_S,ACO,10000,487.4221591606953,15.948407037984591,0.5374817442214493,0.5408844622050144,
naive,3,,,,,GC_S,BRO,10000,10600.358609617588,81.32714863133091,0.579893466852266,0.5804661454044642,
naive,4,,,,,GC_S,BRO,10000,8960.7832609256,73.54087796210699,0.6448720530435427,0.6457762724603153,
naive,5,,,,,GC_S,BRO,10000,7610.789581924267,67.08547943800919,0.6983741264301961,0.6988775099129922,
naive,3,,,,,GC_S,PSO,10000,880.766607298611,23.23015283450305,-0.6746417141371619,-0.6060753104369381,
naive,4,,,,,GC_S,PSO,10000,1127.1298432462147,24.252849588967106,-1.1430633690101395,-1.114234867460218,
naive,5,,,,,GC_S,PSO,10000,1026.3255523259536,23.34089090181528,-0.9513995739250309,-0.9426867949788491,
naive,3,,,,,GC_L,CRO,10000,142.5868659249066,7.779055394227212,0.714248322005654,0.7148895617984706,
naive,4,,,,,GC_L,CRO,10000,106.4736944919708,7.093923060259692,0.7866210420855918,0.7873000186810335,
naive,5,,,,,GC_L,CRO,10000,76.50532309069548,5.805820702733924,0.8466792554359166,0.8495746764263864,
naive,3,,,,,GC_L,BBO,10000,125.43916255573184,7.581654083767544,0.7626835191720278,0.7658182175713557,
naive,4,,,,,GC_L,BBO,10000,111.67046785307403,6.8830719650512115,0.788732307332406,0.7951354413464093,
naive,5,,,,,GC_L,BBO,10000,87.88101662663284,5.318999899324441,0.8337392153096446,0.8389232124918709,
naive,3,,,,,GC_L,ACO,10000,197.47688157024947,10.46181232056246,0.3394520310640845,0.3781172586029392,
naive,4,,,,,GC_L,ACO,10000,201.28782324541086,10.310135578707007,0.32670466659668684,0.3660850540235904,
naive,5,,,,,GC_L,ACO,10000,202.32807365695476,10.515721057372721,0.3232250932356622,0.378580521699344,
naive,3,,,,,GC_L,BRO,10000,2578.6485191332877,39.27172993341926,0.5955906876057044,0.5957008102354848,
naive,4,,,,,GC_L,BRO,10000,2136.5883284975157,35.96427624175882,0.664918964183697,0.664931360035618,
naive,5,,,,,GC_L,BRO,10000,1771.8176047062088,32.71464834662936,0.7221259377186532,0.7223304502006062,
naive,3,,,,,GC_L,PSO,10000,210.0765827325119,11.773619583550078,-0.12605639909777278,-0.1205461359303639,
naive,4,,,,,GC_L,PSO,10000,188.14827326939627,11.127898926201135,-0.00851586758704137,-0.008095814397963252,
naive,5,,,,,GC_L,PSO,10000,232.4894050317156,11.866401230348606,-0.24619402530809142,-0.24242858914344056,
naive,3,,,,,BT,CRO,10000,38.84466039121897,4.2783887405464505,0.7980178167768776,0.7983594309553055,
naive,4,,,,,BT,CRO,10000,30.71505374107657,3.715183258897462,0.840289667873101,0.8402912038961527,
naive,5,,,,,BT,CRO,10000,28.298049497053636,3.28613525319975,0.8528574645573954,0.8530629354171166,
naive,3,,,,,BT,BBO,10000,56.418544513672984,5.277920147972373,0.8678926673326441,0.8679143538979341,
naive,4,,,,,BT,BBO,10000,50.042343751973824,5.030802682126714,0.8828229155770931,0.8828435068913906,
naive,5,,,,,BT,BBO,10000,37.274565792414094,4.026169950786078,0.9127194168935657,0.9129431694106238,
naive,3,,,,,BT,ACO,10000,37.40238454941058,5.008291091652891,0.7686685929866297,0.7697701682656404,
naive,4,,,,,BT,ACO,10000,38.770758145736686,4.784424802576199,0.7602052879548372,0.7612375369300097,
naive,5,,,,,BT,ACO,10000,44.91280689170739,4.746987905439505,0.7222171009590832,0.7241291709273692,
naive,3,,,,,BT,BRO,10000,18.08473666327309,3.342005941782653,0.3099828676541332,0.3100088798867848,
naive,4,,,,,BT,BRO,10000,16.608555030223116,3.1630590442202737,0.3663060885129341,0.3664853089532022,
naive,5,,,,,BT,BRO,10000,15.323293777579622,3.026621995225467,0.41534480554691555,0.4153733562091618,
naive,3,,,,,BT,PSO,10000,44.33207822761396,5.392567423134497,0.17398561544932278,0.17853363771466146,
naive,4,,,,,BT,PSO,10000,47.10150707353023,5.391065322301756,0.12238442382525172,0.12482238142470903,
naive,5,,,,,BT,PSO,10000,57.649483537513134,6.107415798538173,-0.07415001885117523,-0.07070320824563181,
ps,3,5000.0,100.0,False,simplicity variance,SAT_L,ACO,10000,24.510158289353058,3.4948695675569295,0.8817645375604459,0.8853943363734254,
ps,3,5000.0,100.0,False,simplicity variance estimated_atomicity,SAT_L,ACO,10000,51.39743989800394,5.111860063634405,0.6594368655041744,0.6624253808198995,
ps,4,5000.0,100.0,False,simplicity variance,SAT_L,ACO,10000,36.56612026652643,4.446730451662026,0.7428499382476288,0.7439737900999075,
ps,4,5000.0,100.0,False,simplicity variance estimated_atomicity,SAT_L,ACO,10000,33.351416696590846,4.1776254219253675,0.7892991179694315,0.7893820347488529,
ps,5,5000.0,100.0,False,simplicity variance,SAT_L,ACO,10000,27.23641777833539,3.8842590816147373,0.8132099274150348,0.8144037113142975,
ps,5,5000.0,100.0,False,simplicity variance estimated_atomicity,SAT_L,ACO,10000,26.25907464635884,3.7066974325310325,0.8412742805744031,0.8415220411150983,
ps,3,5000.0,100.0,False,simplicity variance,SAT_L,BBO,10000,43.6303327342676,4.076425464566707,0.7703422542160021,0.7717064525042215,
ps,3,5000.0,100.0,False,simplicity variance estimated_atomicity,SAT_L,BBO,10000,24.218463400914175,3.7414800184938137,0.8727440794085222,0.8727586823827058,
ps,4,5000.0,100.0,False,simplicity variance,SAT_L,BBO,10000,22.347602164982355,2.9576292018525567,0.881384051750544,0.8814056885351489,
ps,4,5000.0,100.0,False,simplicity variance estimated_atomicity,SAT_L,BBO,10000,39.881642665927224,4.247158089010323,0.8069051075787443,0.8121868739427619,
ps,5,5000.0,100.0,False,simplicity variance,SAT_L,BBO,10000,28.69212680632726,3.390546326060808,0.8804686648096314,0.880625244825681,
ps,5,5000.0,100.0,False,simplicity variance estimated_atomicity,SAT_L,BBO,10000,49.207459861295135,4.265565378092647,0.7769821550683077,0.7928503597979747,
ps,3,5000.0,100.0,False,simplicity variance,SAT_L,BRO,10000,13.491564928394245,2.735617892161286,0.7787749689099785,0.7790656007905046,
ps,3,5000.0,100.0,False,simplicity variance estimated_atomicity,SAT_L,BRO,10000,15.045416269464274,2.962825452170621,0.631200601929601,0.6328294606114484,
ps,4,5000.0,100.0,False,simplicity variance,SAT_L,BRO,10000,14.205518639415981,2.6880185516353903,0.7313341470353933,0.7332354072743645,
ps,4,5000.0,100.0,False,simplicity variance estimated_atomicity,SAT_L,BRO,10000,11.270649050583444,2.4808250332329993,0.7814918265782441,0.781493721039778,
ps,5,5000.0,100.0,False,simplicity variance,SAT_L,BRO,10000,7.571731504565768,1.7594151543115366,0.7438602056111714,0.7438970171452692,
ps,5,5000.0,100.0,False,simplicity variance estimated_atomicity,SAT_L,BRO,10000,10.914227840727557,2.38505609911958,0.7480212221195047,0.7481174332888056,
ps,3,5000.0,100.0,False,simplicity variance,SAT_L,CRO,10000,12.406606234258877,2.4252042233240823,0.8791889687785663,0.879557078171644,
ps,3,5000.0,100.0,False,simplicity variance estimated_atomicity,SAT_L,CRO,10000,17.748125785832,2.894780922063533,0.7986626624942125,0.8065487246946994,
ps,4,5000.0,100.0,False,simplicity variance,SAT_L,CRO,10000,20.468244372578226,2.7099918340025537,0.8685399708728553,0.8692582085737945,
ps,4,5000.0,100.0,False,simplicity variance estimated_atomicity,SAT_L,CRO,10000,12.853472191555813,2.2141174652279534,0.9027600109069597,0.9028321999026215,
ps,5,5000.0,100.0,False,simplicity variance,SAT_L,CRO,10000,12.127873145871922,2.029556108473451,0.8768766137653514,0.87691494857818,
ps,5,5000.0,100.0,False,simplicity variance estimated_atomicity,SAT_L,CRO,10000,12.333461598170317,2.2129537086618414,0.9042135576487045,0.9094700358560515,
ps,3,5000.0,100.0,False,simplicity variance,SAT_L,PSO,10000,39.20833984085428,5.225374199675275,-0.1690798388804946,-0.10539135539064315,
ps,3,5000.0,100.0,False,simplicity variance estimated_atomicity,SAT_L,PSO,10000,27.663404747570684,4.094678349912269,0.21461290330076221,0.22020681293078892,
ps,4,5000.0,100.0,False,simplicity variance,SAT_L,PSO,10000,40.75023841610463,5.053596041639517,-0.3955301479160227,-0.3518780425210628,
ps,4,5000.0,100.0,False,simplicity variance estimated_atomicity,SAT_L,PSO,10000,29.075654661194307,4.482240595833153,-0.2653814891235433,-0.2571162826451501,
ps,5,5000.0,100.0,False,simplicity variance,SAT_L,PSO,10000,32.309575275576755,4.425350144720527,0.11002768294048626,0.1366332107218614,
ps,5,5000.0,100.0,False,simplicity variance estimated_atomicity,SAT_L,PSO,10000,36.47022294511304,4.552452785010923,-0.1803508178805182,-0.07577274768285003,
ps,3,5000.0,100.0,False,simplicity variance,SAT_M,ACO,10000,13.556359910650038,2.236494662718487,0.6758058160284575,0.6758149020174836,
ps,3,5000.0,100.0,False,simplicity variance estimated_atomicity,SAT_M,ACO,10000,9.263307994481917,2.0935758742891095,0.7880995267409175,0.7908267991292248,
ps,4,5000.0,100.0,False,simplicity variance,SAT_M,ACO,10000,8.966179189399039,2.152807889876477,0.7796502663583743,0.7796548863964433,
ps,4,5000.0,100.0,False,simplicity variance estimated_atomicity,SAT_M,ACO,10000,10.186981334872709,2.040194920291744,0.7937934786282664,0.7951500909258108,
ps,5,5000.0,100.0,False,simplicity variance,SAT_M,ACO,10000,9.162698203650674,1.7405154269942782,0.7426735744368043,0.7451671678080755,
ps,5,5000.0,100.0,False,simplicity variance estimated_atomicity,SAT_M,ACO,10000,8.448177107769425,1.7761726106375202,0.7448930034986909,0.7553662691593047,
ps,3,5000.0,100.0,False,simplicity variance,SAT_M,BBO,10000,21.889266501966397,3.3815596844460574,0.6592907001011454,0.6596294145534002,
ps,3,5000.0,100.0,False,simplicity variance estimated_atomicity,SAT_M,BBO,10000,8.929971209957229,2.2177128079098125,0.7870023351695932,0.7933555390177899,
ps,4,5000.0,100.0,False,simplicity variance,SAT_M,BBO,10000,7.211430318232947,2.0116398225957037,0.7792344200003519,0.7835591856611753,
ps,4,5000.0,100.0,False,simplicity variance estimated_atomicity,SAT_M,BBO,10000,17.162027502841486,3.022942165109684,0.6941204518907946,0.6970229651032042,
ps,5,5000.0,100.0,False,simplicity variance,SAT_M,BBO,10000,14.896922971316908,2.7040490333518665,0.7627414678961593,0.7627980153773375,
ps,5,5000.0,100.0,False,simplicity variance estimated_atomicity,SAT_M,BBO,10000,20.52708209861512,2.916595212745732,0.683359094938347,0.6930337489212759,
ps,3,5000.0,100.0,False,simplicity variance,SAT_M,BRO,10000,12.120365726209817,2.6993411095834,0.5218950440522254,0.5219467985781476,
ps,3,5000.0,100.0,False,simplicity variance estimated_atomicity,SAT_M,BRO,10000,15.34545114554853,3.066760295003176,0.3389349228811691,0.3402309424971306,
ps,4,5000.0,100.0,False,simplicity variance,SAT_M,BRO,10000,7.807936989532581,2.0896068980344897,0.5383995405107627,0.5384058254157189,
ps,4,5000.0,100.0,False,simplicity variance estimated_atomicity,SAT_M,BRO,10000,11.239157058931735,2.613555327964648,0.6218787265788445,0.6218961128021421,
ps,5,5000.0,100.0,False,simplicity variance,SAT_M,BRO,10000,7.870014860950927,2.1017062162597675,0.6349923500140107,0.6364286691126294,
ps,5,5000.0,100.0,False,simplicity variance estimated_atomicity,SAT_M,BRO,10000,10.742736167709335,2.474985561298836,0.6083371184225791,0.6083538904775894,
ps,3,5000.0,100.0,False,simplicity variance,SAT_M,CRO,10000,12.974784059595814,2.871407903439154,0.832123689577142,0.8405700222743923,
ps,3,5000.0,100.0,False,simplicity variance estimated_atomicity,SAT_M,CRO,10000,13.759628648968228,2.6073121735295413,0.7443459414147979,0.7445043065084511,
ps,4,5000.0,100.0,False,simplicity variance,SAT_M,CRO,10000,13.313283687030218,2.02287531346343,0.808576275879,0.8105620680433379,
ps,4,5000.0,100.0,False,simplicity variance estimated_atomicity,SAT_M,CRO,10000,8.359775457701687,1.883517690975233,0.7808843537246205,0.7888661455869133,
ps,5,5000.0,100.0,False,simplicity variance,SAT_M,CRO,10000,7.259256661257899,2.0883235408382474,0.8879225465299074,0.8883933636128207,
ps,5,5000.0,100.0,False,simplicity variance estimated_atomicity,SAT_M,CRO,10000,12.739921534457405,2.5067953107168797,0.8166618573026241,0.8173217016484788,
ps,3,5000.0,100.0,False,simplicity variance,SAT_M,PSO,10000,20.35002991230167,3.396006364427418,0.09936730800048854,0.22967462256355287,
ps,3,5000.0,100.0,False,simplicity variance estimated_atomicity,SAT_M,PSO,10000,12.12088390269687,2.9154870837223763,-0.25663341162765274,-0.20578473431470323,
ps,4,5000.0,100.0,False,simplicity variance,SAT_M,PSO,10000,21.633863153284885,3.6399002272699543,-0.24230691128355097,-0.206513076652717,
ps,4,5000.0,100.0,False,simplicity variance estimated_atomicity,SAT_M,PSO,10000,12.562942646631473,2.6631270514162044,0.2461278847547287,0.2495563406592317,
ps,5,5000.0,100.0,False,simplicity variance,SAT_M,PSO,10000,13.868606481558437,2.8997482000408805,0.2716222590587345,0.2793304273424727,
ps,5,5000.0,100.0,False,simplicity variance estimated_atomicity,SAT_M,PSO,10000,14.946690192042832,3.112525566790539,-0.16194083622656352,-0.16160337413524184,
ps,3,5000.0,100.0,False,simplicity variance,SAT_S,ACO,10000,5.67662328291904,1.784863140959055,0.41221158305534233,0.43434539059859856,
ps,3,5000.0,100.0,False,simplicity variance estimated_atomicity,SAT_S,ACO,10000,5.1435600262713885,1.7637512892832037,0.2920380862716345,0.3003015940380016,
ps,4,5000.0,100.0,False,simplicity variance,SAT_S,ACO,10000,2.4422369675623474,1.0764259370191593,0.6744476719968009,0.6977377607349774,
ps,4,5000.0,100.0,False,simplicity variance estimated_atomicity,SAT_S,ACO,10000,4.663010517931927,1.6243719243719246,0.46850184066125466,0.4855541504429386,
ps,5,5000.0,100.0,False,simplicity variance,SAT_S,ACO,10000,3.7619335201570663,1.360082211422081,0.48353116079199576,0.4901032789436217,
ps,5,5000.0,100.0,False,simplicity variance estimated_atomicity,SAT_S,ACO,10000,2.8758990420649537,1.3251084187130695,0.6087169000163282,0.6297585843654552,
ps,3,5000.0,100.0,False,simplicity variance,SAT_S,BBO,10000,8.959485578664342,2.084536210317461,0.3819379390627671,0.3822088001199707,
ps,3,5000.0,100.0,False,simplicity variance estimated_atomicity,SAT_S,BBO,10000,4.040444788144522,1.5255402037077372,0.589809059644318,0.5935913145939666,
ps,4,5000.0,100.0,False,simplicity variance,SAT_S,BBO,10000,6.6792363451257994,2.158401060744811,0.3483671858413854,0.35781035293657704,
ps,4,5000.0,100.0,False,simplicity variance estimated_atomicity,SAT_S,BBO,10000,11.092310090922185,2.3086134453781506,0.037623051252923645,0.09737788368130817,
ps,5,5000.0,100.0,False,simplicity variance,SAT_S,BBO,10000,4.246397473275024,1.6799999999999995,0.5479022332033807,0.5479154846943705,
ps,5,5000.0,100.0,False,simplicity variance estimated_atomicity,SAT_S,BBO,10000,4.475880476925727,1.630489478968179,0.5032705884013544,0.552539795146878,
ps,3,5000.0,100.0,False,simplicity variance,SAT_S,BRO,10000,6.620502987504735,2.0487606758613746,0.2903866701253832,0.2904872142996937,
ps,3,5000.0,100.0,False,simplicity variance estimated_atomicity,SAT_S,BRO,10000,6.6970756387079415,2.0957239705314903,0.3243107217882363,0.3246597895050143,
ps,4,5000.0,100.0,False,simplicity variance,SAT_S,BRO,10000,7.585067797951444,2.337995790758949,0.19257683335920028,0.23643204860099076,
ps,4,5000.0,100.0,False,simplicity variance estimated_atomicity,SAT_S,BRO,10000,6.099046214761119,1.8698593081596762,0.3280161234350474,0.3280328634973506,
ps,5,5000.0,100.0,False,simplicity variance,SAT_S,BRO,10000,4.910529661269392,1.7435484203910807,0.4411468459129665,0.44168925135984183,
ps,5,5000.0,100.0,False,simplicity variance estimated_atomicity,SAT_S,BRO,10000,4.443645539992102,1.5695438111322078,0.4213237097940882,0.434029986217636,
ps,3,5000.0,100.0,False,simplicity variance,SAT_S,CRO,10000,4.7091804480203105,1.692707215099036,0.5281858874897685,0.5484227840919086,
ps,3,5000.0,100.0,False,simplicity variance estimated_atomicity,SAT_S,CRO,10000,9.498250612284423,2.481661597139437,0.28434782759516286,0.2913219427865321,
ps,4,5000.0,100.0,False,simplicity variance,SAT_S,CRO,10000,8.835194967256625,2.1758840997971434,0.4649951446095161,0.48670806427186764,
ps,4,5000.0,100.0,False,simplicity variance estimated_atomicity,SAT_S,CRO,10000,5.1370822495185475,1.6892920088042036,0.7492905800301743,0.7526686261461961,
ps,5,5000.0,100.0,False,simplicity variance,SAT_S,CRO,10000,11.73983840809896,2.4017744194451986,0.5384830109838247,0.5633797989208732,
ps,5,5000.0,100.0,False,simplicity variance estimated_atomicity,SAT_S,CRO,10000,8.58334897440365,2.3868174223437384,0.21061542840506953,0.22471192918166105,
ps,3,5000.0,100.0,False,simplicity variance,SAT_S,PSO,10000,5.969343328640867,1.8609082709368117,0.001946759539231624,0.05038671016800289,
ps,3,5000.0,100.0,False,simplicity variance estimated_atomicity,SAT_S,PSO,10000,5.176616888442689,1.8144560327424768,0.02384260654791892,0.02433214457306021,
ps,4,5000.0,100.0,False,simplicity variance,SAT_S,PSO,10000,3.539824372098099,1.4300331446276502,0.23714274337920627,0.24069775670133053,
ps,4,5000.0,100.0,False,simplicity variance estimated_atomicity,SAT_S,PSO,10000,5.079435401840809,1.6647338857078504,0.36515588034899715,0.3694062544867118,
ps,5,5000.0,100.0,False,simplicity variance,SAT_S,PSO,10000,3.58623417651231,1.4514963657791136,0.33661609886765576,0.3366979680277964,
ps,5,5000.0,100.0,False,simplicity variance estimated_atomicity,SAT_S,PSO,10000,3.503873646863068,1.5076123550052796,0.450503140435642,0.45123044290436876,
